time,wind_direction,wind_speed,wind_gust,wave_height,dominant_wave_period,average_wave_period,dominant_wave_direction,pressure,air_temperature,water_temperature,dewpoint,visibility,3hr_pressure_tendency,water_level_above_mean,time,Station ID
0,80.0,4.1,4.1,,,,,1021.9,18.3,,17.6,,1.6,,2025-03-25 16:00:00+00:00,BURL1
1,60.0,4.1,4.1,,,,,1021.5,17.8,,17.0,,2.0,,2025-03-25 15:00:00+00:00,BURL1
2,60.0,4.1,4.1,,,,,1021.2,17.1,,16.3,,2.3,,2025-03-25 14:00:00+00:00,BURL1
3,40.0,4.6,4.6,,,,,1020.3,17.3,,16.1,,1.9,,2025-03-25 13:00:00+00:00,BURL1
4,40.0,4.6,4.6,,,,,1019.5,16.9,,16.2,,1.7,,2025-03-25 12:00:00+00:00,BURL1
5,50.0,5.7,6.2,,,,,1018.9,17.1,,16.6,,0.8,,2025-03-25 11:00:00+00:00,BURL1
6,30.0,7.2,7.2,,,,,1018.4,16.5,,16.3,,-0.0,,2025-03-25 10:00:00+00:00,BURL1
7,20.0,5.1,5.1,,,,,1017.8,17.1,,16.9,,-0.7,,2025-03-25 09:00:00+00:00,BURL1
8,30.0,4.1,4.1,,,,,1018.1,17.8,,17.5,,0.0,,2025-03-25 08:00:00+00:00,BURL1
9,90.0,1.5,1.5,,,,,1018.2,18.5,,18.0,,-0.6,,2025-03-25 07:00:00+00:00,BURL1
10,100.0,2.1,2.1,,,,,1018.5,19.3,,18.1,,0.0,,2025-03-25 06:00:00+00:00,BURL1
11,120.0,4.1,4.1,,,,,1018.3,20.6,,18.1,,0.5,,2025-03-25 05:00:00+00:00,BURL1
12,80.0,4.6,4.6,,,,,1018.8,18.8,,18.1,,1.4,,2025-03-25 04:00:00+00:00,BURL1
13,80.0,5.1,5.7,,,,,1018.6,20.7,,18.1,,1.7,,2025-03-25 03:00:00+00:00,BURL1
14,100.0,4.6,5.1,,,,,1017.8,20.8,,17.6,,1.1,,2025-03-25 02:00:00+00:00,BURL1
15,110.0,6.7,7.2,,,,,1017.4,20.5,,17.6,,1.7,,2025-03-25 01:00:00+00:00,BURL1
16,100.0,6.7,7.2,,,,,1016.9,20.2,,17.7,,1.0,,2025-03-25 00:00:00+00:00,BURL1
17,90.0,6.2,6.7,,,,,1016.7,20.1,,17.1,,0.4,,2025-03-24 23:00:00+00:00,BURL1
18,70.0,6.7,7.7,,,,,1015.7,19.9,,16.6,,-1.9,,2025-03-24 22:00:00+00:00,BURL1
19,70.0,8.8,9.3,,,,,1015.9,19.5,,16.3,,-3.5,,2025-03-24 21:00:00+00:00,BURL1
20,60.0,9.8,10.3,,,,,1016.3,18.9,,16.2,,-2.9,,2025-03-24 20:00:00+00:00,BURL1
21,50.0,9.8,10.8,,,,,1017.6,18.0,,16.7,,-0.6,,2025-03-24 19:00:00+00:00,BURL1
22,20.0,13.9,16.0,,,,,1019.4,18.3,,16.0,,2.7,,2025-03-24 18:00:00+00:00,BURL1
23,50.0,0.5,0.5,,,,,1019.2,21.8,,21.7,,1.2,,2025-03-24 17:00:00+00:00,BURL1
24,150.0,5.7,6.2,,,,,1018.2,21.1,,21.1,,0.3,,2025-03-24 16:00:00+00:00,BURL1
25,160.0,3.6,4.1,,,,,1016.7,20.8,,20.7,,-0.5,,2025-03-24 15:00:00+00:00,BURL1
26,190.0,3.1,3.1,,,,,1018.0,20.6,,20.6,,1.8,,2025-03-24 14:00:00+00:00,BURL1
27,230.0,1.5,1.5,,,,,1017.9,20.6,,20.6,,1.9,,2025-03-24 13:00:00+00:00,BURL1
28,250.0,2.6,2.6,,,,,1017.2,20.5,,20.5,,1.4,,2025-03-24 12:00:00+00:00,BURL1
29,230.0,1.5,1.5,,,,,1016.2,20.7,,20.7,,0.6,,2025-03-24 11:00:00+00:00,BURL1
30,210.0,3.6,3.6,,,,,1016.0,21.1,,20.8,,0.4,,2025-03-24 10:00:00+00:00,BURL1
31,210.0,4.1,4.1,,,,,1015.8,21.3,,20.7,,0.0,,2025-03-24 09:00:00+00:00,BURL1
32,190.0,5.1,5.7,,,,,1015.6,21.2,,20.2,,-1.0,,2025-03-24 08:00:00+00:00,BURL1
33,180.0,7.2,7.7,,,,,1015.6,21.4,,20.1,,-1.6,,2025-03-24 07:00:00+00:00,BURL1
34,170.0,8.2,8.8,,,,,1015.6,21.4,,20.2,,-2.3,,2025-03-24 06:00:00+00:00,BURL1
35,160.0,7.7,8.2,,,,,1016.6,21.4,,20.1,,-1.4,,2025-03-24 05:00:00+00:00,BURL1
36,160.0,8.8,9.3,,,,,1017.2,21.4,,19.9,,-0.4,,2025-03-24 04:00:00+00:00,BURL1
37,160.0,8.2,8.8,,,,,1017.9,21.5,,19.7,,0.5,,2025-03-24 03:00:00+00:00,BURL1
38,150.0,7.2,7.2,,,,,1018.0,21.5,,19.4,,0.7,,2025-03-24 02:00:00+00:00,BURL1
39,150.0,8.2,8.8,,,,,1017.6,21.5,,19.0,,0.5,,2025-03-24 01:00:00+00:00,BURL1
40,160.0,9.8,9.8,,,,,1017.4,21.6,,17.8,,0.0,,2025-03-24 00:00:00+00:00,BURL1
41,160.0,9.3,9.8,,,,,1017.3,21.6,,18.1,,-0.0,,2025-03-23 23:00:00+00:00,BURL1
42,150.0,8.8,9.3,,,,,1017.1,21.4,,18.8,,-1.0,,2025-03-23 22:00:00+00:00,BURL1
43,150.0,9.8,10.3,,,,,1017.2,21.3,,18.8,,-1.7,,2025-03-23 21:00:00+00:00,BURL1
44,150.0,11.3,11.8,,,,,1017.5,21.2,,18.4,,-2.2,,2025-03-23 20:00:00+00:00,BURL1
45,140.0,10.8,11.3,,,,,1018.1,21.1,,18.5,,-2.0,,2025-03-23 19:00:00+00:00,BURL1
46,140.0,9.8,10.3,,,,,1018.9,20.9,,18.5,,-1.2,,2025-03-23 18:00:00+00:00,BURL1
47,140.0,9.8,9.8,,,,,1019.7,20.7,,18.2,,-0.5,,2025-03-23 17:00:00+00:00,BURL1
48,140.0,9.3,9.3,,,,,1020.1,20.3,,18.1,,0.4,,2025-03-23 16:00:00+00:00,BURL1
49,130.0,7.7,8.2,,,,,1020.1,19.8,,17.9,,0.9,,2025-03-23 15:00:00+00:00,BURL1
50,140.0,7.2,7.2,,,,,1020.2,19.7,,17.5,,1.4,,2025-03-23 14:00:00+00:00,BURL1
51,170.0,6.2,6.7,,,,,1019.7,20.3,,16.6,,1.4,,2025-03-23 13:00:00+00:00,BURL1
52,170.0,4.6,5.1,,,,,1019.2,19.5,,17.5,,1.1,,2025-03-23 12:00:00+00:00,BURL1
53,130.0,5.1,5.7,,,,,1018.8,19.7,,17.9,,-0.0,,2025-03-23 11:00:00+00:00,BURL1
54,120.0,5.7,6.2,,,,,1018.3,19.8,,17.7,,-0.7,,2025-03-23 10:00:00+00:00,BURL1
55,150.0,7.2,7.2,,,,,1018.1,20.1,,17.0,,-1.2,,2025-03-23 09:00:00+00:00,BURL1
56,150.0,5.7,6.2,,,,,1018.8,19.9,,16.0,,-0.9,,2025-03-23 08:00:00+00:00,BURL1
57,150.0,7.2,7.7,,,,,1019.0,19.7,,15.7,,-1.1,,2025-03-23 07:00:00+00:00,BURL1
58,150.0,7.2,8.2,,,,,1019.3,19.9,,14.7,,-1.0,,2025-03-23 06:00:00+00:00,BURL1
59,150.0,7.2,7.7,,,,,1019.7,19.9,,15.2,,0.0,,2025-03-23 05:00:00+00:00,BURL1
60,140.0,7.2,7.2,,,,,1020.1,19.9,,15.3,,0.3,,2025-03-23 04:00:00+00:00,BURL1
61,150.0,7.2,7.7,,,,,1020.3,19.9,,15.5,,0.3,,2025-03-23 03:00:00+00:00,BURL1
62,150.0,7.7,8.2,,,,,1019.9,19.9,,15.7,,0.0,,2025-03-23 02:00:00+00:00,BURL1
63,150.0,6.7,7.2,,,,,1019.8,19.9,,15.7,,0.0,,2025-03-23 01:00:00+00:00,BURL1
64,150.0,5.7,6.2,,,,,1020.0,20.0,,16.1,,0.0,,2025-03-23 00:00:00+00:00,BURL1
65,140.0,4.6,5.7,,,,,1019.8,20.1,,15.9,,-0.6,,2025-03-22 23:00:00+00:00,BURL1
66,140.0,4.6,5.1,,,,,1019.8,19.9,,15.5,,-1.5,,2025-03-22 22:00:00+00:00,BURL1
67,140.0,4.6,5.1,,,,,1019.9,19.8,,15.6,,-2.4,,2025-03-22 21:00:00+00:00,BURL1
68,130.0,4.1,4.6,,,,,1020.4,19.7,,15.7,,-2.8,,2025-03-22 20:00:00+00:00,BURL1
69,120.0,3.6,3.6,,,,,1021.3,19.8,,15.1,,-2.1,,2025-03-22 19:00:00+00:00,BURL1
70,130.0,3.6,3.6,,,,,1022.3,19.5,,16.1,,-0.8,,2025-03-22 18:00:00+00:00,BURL1
71,120.0,3.6,4.1,,,,,1023.2,19.2,,16.3,,0.6,,2025-03-22 17:00:00+00:00,BURL1
72,130.0,4.1,4.1,,,,,1023.4,18.6,,16.0,,1.3,,2025-03-22 16:00:00+00:00,BURL1
73,100.0,3.6,3.6,,,,,1023.1,17.6,,16.3,,1.3,,2025-03-22 15:00:00+00:00,BURL1
74,110.0,3.6,3.6,,,,,1022.6,17.4,,15.6,,1.5,,2025-03-22 14:00:00+00:00,BURL1
75,120.0,2.6,3.1,,,,,1022.1,17.1,,15.4,,1.5,,2025-03-22 13:00:00+00:00,BURL1
76,140.0,2.1,2.1,,,,,1021.8,17.3,,15.6,,1.5,,2025-03-22 12:00:00+00:00,BURL1
77,160.0,0.5,1.0,,,,,1021.1,16.9,,14.7,,0.4,,2025-03-22 11:00:00+00:00,BURL1
78,220.0,2.6,2.6,,,,,1020.6,17.8,,14.2,,-0.3,,2025-03-22 10:00:00+00:00,BURL1
79,220.0,3.6,3.6,,,,,1020.3,18.0,,14.1,,-1.0,,2025-03-22 09:00:00+00:00,BURL1
80,220.0,4.6,4.6,,,,,1020.7,17.9,,14.1,,-0.7,,2025-03-22 08:00:00+00:00,BURL1
81,210.0,6.2,6.2,,,,,1020.9,17.6,,13.4,,-0.9,,2025-03-22 07:00:00+00:00,BURL1
82,200.0,4.6,5.1,,,,,1021.3,17.1,,13.0,,-0.8,,2025-03-22 06:00:00+00:00,BURL1
83,190.0,4.6,5.1,,,,,1021.4,17.4,,12.2,,-0.7,,2025-03-22 05:00:00+00:00,BURL1
84,190.0,5.7,6.2,,,,,1021.8,17.4,,11.5,,0.0,,2025-03-22 04:00:00+00:00,BURL1
85,190.0,4.6,5.1,,,,,1022.1,17.3,,10.4,,0.5,,2025-03-22 03:00:00+00:00,BURL1
86,180.0,4.1,4.6,,,,,1022.1,16.9,,10.7,,0.7,,2025-03-22 02:00:00+00:00,BURL1
87,180.0,4.1,4.6,,,,,1021.7,16.9,,8.9,,0.4,,2025-03-22 01:00:00+00:00,BURL1
88,170.0,3.6,4.1,,,,,1021.6,16.8,,8.4,,-0.4,,2025-03-22 00:00:00+00:00,BURL1
89,180.0,5.7,5.7,,,,,1021.4,16.9,,8.1,,-1.3,,2025-03-21 23:00:00+00:00,BURL1
90,150.0,4.6,5.7,,,,,1021.3,16.7,,7.5,,-2.2,,2025-03-21 22:00:00+00:00,BURL1
91,160.0,4.6,5.1,,,,,1022.0,16.5,,6.8,,-2.3,,2025-03-21 21:00:00+00:00,BURL1
92,140.0,3.1,3.1,,,,,1022.7,16.2,,6.4,,-2.4,,2025-03-21 20:00:00+00:00,BURL1
93,110.0,3.6,4.1,,,,,1023.5,15.8,,4.7,,-1.7,,2025-03-21 19:00:00+00:00,BURL1
94,100.0,4.1,5.1,,,,,1024.3,15.6,,5.0,,-0.3,,2025-03-21 18:00:00+00:00,BURL1
95,90.0,4.6,5.1,,,,,1025.1,15.2,,4.8,,0.7,,2025-03-21 17:00:00+00:00,BURL1
96,80.0,4.1,5.1,,,,,1025.2,14.8,,3.2,,1.1,,2025-03-21 16:00:00+00:00,BURL1
97,40.0,6.7,7.2,,,,,1024.6,14.4,,3.6,,0.9,,2025-03-21 15:00:00+00:00,BURL1
98,40.0,5.7,6.2,,,,,1024.4,14.1,,5.3,,1.3,,2025-03-21 14:00:00+00:00,BURL1
99,30.0,4.1,4.6,,,,,1024.1,13.7,,3.6,,1.0,,2025-03-21 13:00:00+00:00,BURL1
100,30.0,5.1,5.7,,,,,1023.7,13.1,,3.8,,0.5,,2025-03-21 12:00:00+00:00,BURL1
101,20.0,7.2,7.7,,,,,1023.1,13.7,,2.0,,-0.3,,2025-03-21 11:00:00+00:00,BURL1
102,20.0,6.7,7.2,,,,,1023.1,13.5,,4.0,,-0.4,,2025-03-21 10:00:00+00:00,BURL1
103,10.0,6.7,7.2,,,,,1023.2,14.6,,-0.1,,-0.4,,2025-03-21 09:00:00+00:00,BURL1
104,360.0,7.2,7.2,,,,,1023.4,14.7,,1.8,,0.0,,2025-03-21 08:00:00+00:00,BURL1
105,10.0,6.2,7.2,,,,,1023.5,14.8,,4.2,,-0.4,,2025-03-21 07:00:00+00:00,BURL1
106,360.0,7.7,8.2,,,,,1023.6,15.0,,4.7,,0.0,,2025-03-21 06:00:00+00:00,BURL1
107,360.0,7.7,8.2,,,,,1023.6,15.4,,4.4,,0.8,,2025-03-21 05:00:00+00:00,BURL1
108,350.0,7.2,8.2,,,,,1023.9,16.4,,2.6,,1.9,,2025-03-21 04:00:00+00:00,BURL1
109,340.0,8.8,10.3,,,,,1023.7,16.5,,3.4,,2.4,,2025-03-21 03:00:00+00:00,BURL1
110,340.0,10.3,10.8,,,,,1022.8,16.7,,2.3,,1.9,,2025-03-21 02:00:00+00:00,BURL1
111,330.0,8.2,9.8,,,,,1022.0,16.8,,0.9,,1.3,,2025-03-21 01:00:00+00:00,BURL1
112,320.0,8.8,9.3,,,,,1021.3,16.6,,3.0,,0.8,,2025-03-21 00:00:00+00:00,BURL1
113,320.0,8.2,9.8,,,,,1020.9,16.7,,3.3,,-0.0,,2025-03-20 23:00:00+00:00,BURL1
114,320.0,8.8,9.8,,,,,1020.7,16.5,,3.4,,-0.9,,2025-03-20 22:00:00+00:00,BURL1
115,320.0,11.3,12.9,,,,,1020.5,15.9,,2.9,,-1.4,,2025-03-20 21:00:00+00:00,BURL1
116,320.0,9.8,11.8,,,,,1021.0,14.9,,3.5,,-1.0,,2025-03-20 20:00:00+00:00,BURL1
117,320.0,11.3,13.4,,,,,1021.6,14.3,,3.2,,0.0,,2025-03-20 19:00:00+00:00,BURL1
118,320.0,13.4,14.4,,,,,1021.9,13.7,,3.5,,0.6,,2025-03-20 18:00:00+00:00,BURL1
119,320.0,13.4,15.4,,,,,1022.0,13.9,,4.1,,1.5,,2025-03-20 17:00:00+00:00,BURL1
120,330.0,13.9,15.4,,,,,1021.7,13.6,,4.8,,2.4,,2025-03-20 16:00:00+00:00,BURL1
121,320.0,13.4,14.4,,,,,1021.3,13.6,,5.3,,3.2,,2025-03-20 15:00:00+00:00,BURL1
122,320.0,12.4,13.4,,,,,1020.5,14.6,,6.4,,3.2,,2025-03-20 14:00:00+00:00,BURL1
123,310.0,14.4,17.0,,,,,1019.3,15.5,,7.1,,3.3,,2025-03-20 13:00:00+00:00,BURL1
124,310.0,16.5,19.0,,,,,1018.1,16.4,,5.1,,3.0,,2025-03-20 12:00:00+00:00,BURL1
125,320.0,14.4,16.5,,,,,1017.3,17.3,,6.5,,2.6,,2025-03-20 11:00:00+00:00,BURL1
126,310.0,14.4,16.0,,,,,1016.0,18.4,,9.2,,1.3,,2025-03-20 10:00:00+00:00,BURL1
127,320.0,15.4,17.5,,,,,1015.1,19.7,,,,-0.0,,2025-03-20 09:00:00+00:00,BURL1
128,310.0,13.9,15.4,,,,,1014.7,20.8,,17.4,,-0.8,,2025-03-20 08:00:00+00:00,BURL1
129,280.0,8.8,9.3,,,,,1014.7,21.3,,20.0,,-0.7,,2025-03-20 07:00:00+00:00,BURL1
130,270.0,7.7,8.2,,,,,1015.1,21.3,,20.7,,-0.5,,2025-03-20 06:00:00+00:00,BURL1
131,230.0,6.7,6.7,,,,,1015.5,21.3,,21.3,,0.0,,2025-03-20 05:00:00+00:00,BURL1
132,190.0,7.2,7.7,,,,,1015.4,20.8,,20.8,,0.5,,2025-03-20 04:00:00+00:00,BURL1
133,190.0,7.2,7.7,,,,,1015.6,21.2,,21.2,,1.2,,2025-03-20 03:00:00+00:00,BURL1
134,190.0,7.2,7.2,,,,,1015.3,20.9,,20.9,,1.1,,2025-03-20 02:00:00+00:00,BURL1
135,190.0,7.2,7.2,,,,,1014.9,20.9,,20.8,,0.7,,2025-03-20 01:00:00+00:00,BURL1
136,170.0,7.2,7.2,,,,,1014.4,20.9,,20.4,,-0.4,,2025-03-20 00:00:00+00:00,BURL1
137,170.0,7.7,8.8,,,,,1014.2,20.5,,19.6,,-1.1,,2025-03-19 23:00:00+00:00,BURL1
138,160.0,8.2,8.2,,,,,1014.2,21.0,,19.8,,-2.1,,2025-03-19 22:00:00+00:00,BURL1
139,170.0,6.2,6.2,,,,,1014.8,21.0,,19.6,,-2.8,,2025-03-19 21:00:00+00:00,BURL1
140,170.0,6.7,7.2,,,,,1015.3,21.0,,19.3,,-3.4,,2025-03-19 20:00:00+00:00,BURL1
141,180.0,6.7,7.2,,,,,1016.3,21.1,,19.0,,-1.1,,2025-03-19 19:00:00+00:00,BURL1
142,190.0,6.2,6.2,,,,,1017.6,21.2,,18.6,,1.0,,2025-03-19 18:00:00+00:00,BURL1
143,220.0,6.7,7.2,,,,,1018.7,20.9,,18.0,,2.8,,2025-03-19 17:00:00+00:00,BURL1
144,200.0,8.2,8.8,,,,,1017.4,20.4,,18.0,,1.9,,2025-03-19 16:00:00+00:00,BURL1
145,180.0,9.8,10.3,,,,,1016.6,20.5,,17.7,,0.5,,2025-03-19 15:00:00+00:00,BURL1
146,170.0,10.3,10.8,,,,,1015.9,20.4,,17.3,,-0.0,,2025-03-19 14:00:00+00:00,BURL1
147,160.0,10.3,11.3,,,,,1015.5,20.3,,17.3,,0.0,,2025-03-19 13:00:00+00:00,BURL1
148,170.0,9.3,9.8,,,,,1016.1,19.8,,17.3,,-0.0,,2025-03-19 12:00:00+00:00,BURL1
149,170.0,9.8,10.3,,,,,1015.8,20.0,,17.0,,-1.1,,2025-03-19 11:00:00+00:00,BURL1
150,160.0,10.3,10.8,,,,,1015.5,20.1,,16.9,,-2.2,,2025-03-19 10:00:00+00:00,BURL1
151,170.0,9.3,9.8,,,,,1016.3,19.8,,16.6,,-1.5,,2025-03-19 09:00:00+00:00,BURL1
152,170.0,9.3,9.3,,,,,1016.9,20.1,,15.9,,-1.4,,2025-03-19 08:00:00+00:00,BURL1
153,180.0,8.8,9.8,,,,,1017.7,19.6,,16.1,,-0.7,,2025-03-19 07:00:00+00:00,BURL1
154,160.0,9.3,9.8,,,,,1017.8,20.3,,16.2,,-0.9,,2025-03-19 06:00:00+00:00,BURL1
155,170.0,8.8,9.8,,,,,1018.3,20.0,,16.3,,-0.8,,2025-03-19 05:00:00+00:00,BURL1
156,160.0,9.3,10.3,,,,,1018.4,20.3,,15.9,,-0.9,,2025-03-19 04:00:00+00:00,BURL1
157,160.0,9.3,10.3,,,,,1018.7,20.1,,16.0,,-1.1,,2025-03-19 03:00:00+00:00,BURL1
158,160.0,8.2,8.8,,,,,1019.1,20.1,,15.4,,-1.1,,2025-03-19 02:00:00+00:00,BURL1
159,160.0,7.7,8.8,,,,,1019.3,20.2,,15.0,,-1.1,,2025-03-19 01:00:00+00:00,BURL1
160,170.0,7.2,8.2,,,,,1019.8,20.1,,14.4,,-1.2,,2025-03-19 00:00:00+00:00,BURL1
161,160.0,6.7,7.7,,,,,1020.2,20.5,,13.4,,-1.5,,2025-03-18 23:00:00+00:00,BURL1
162,150.0,6.7,7.2,,,,,1020.4,20.4,,13.1,,-1.8,,2025-03-18 22:00:00+00:00,BURL1
163,150.0,7.2,7.2,,,,,1021.0,20.2,,12.6,,-2.0,,2025-03-18 21:00:00+00:00,BURL1
164,150.0,6.7,7.2,,,,,1021.7,20.0,,12.0,,-2.6,,2025-03-18 20:00:00+00:00,BURL1
165,130.0,5.7,6.2,,,,,1022.2,19.5,,11.6,,-2.5,,2025-03-18 19:00:00+00:00,BURL1
166,90.0,4.1,5.1,,,,,1023.0,18.0,,12.9,,-1.7,,2025-03-18 18:00:00+00:00,BURL1
167,80.0,3.6,3.6,,,,,1024.3,17.0,,12.1,,0.0,,2025-03-18 17:00:00+00:00,BURL1
168,80.0,4.6,4.6,,,,,1024.7,16.2,,12.7,,1.0,,2025-03-18 16:00:00+00:00,BURL1
169,90.0,3.1,3.1,,,,,1024.7,16.7,,10.3,,1.2,,2025-03-18 15:00:00+00:00,BURL1
170,140.0,3.1,3.1,,,,,1024.3,15.8,,7.4,,1.1,,2025-03-18 14:00:00+00:00,BURL1
171,120.0,2.1,2.6,,,,,1023.7,15.4,,6.6,,0.5,,2025-03-18 13:00:00+00:00,BURL1
172,,0.0,0.0,,,,,1023.5,16.6,,8.3,,-0.0,,2025-03-18 12:00:00+00:00,BURL1
173,280.0,1.0,1.0,,,,,1023.2,16.7,,8.8,,-0.8,,2025-03-18 11:00:00+00:00,BURL1
174,280.0,1.5,2.1,,,,,1023.2,17.1,,8.8,,-1.3,,2025-03-18 10:00:00+00:00,BURL1
175,270.0,3.1,3.1,,,,,1023.4,17.4,,8.2,,-1.8,,2025-03-18 09:00:00+00:00,BURL1
176,260.0,3.6,3.6,,,,,1024.0,16.8,,9.3,,-1.6,,2025-03-18 08:00:00+00:00,BURL1
177,250.0,3.6,3.6,,,,,1024.5,16.8,,6.7,,-1.7,,2025-03-18 07:00:00+00:00,BURL1
178,240.0,3.1,3.1,,,,,1025.2,17.0,,6.9,,-1.1,,2025-03-18 06:00:00+00:00,BURL1
179,230.0,3.1,3.1,,,,,1025.6,17.0,,7.5,,,,2025-03-18 05:00:00+00:00,BURL1
180,230.0,3.1,3.1,,,,,1026.2,17.0,,5.3,,0.3,,2025-03-18 04:00:00+00:00,BURL1
181,230.0,3.1,3.1,,,,,1026.3,16.9,,5.3,,0.5,,2025-03-18 03:00:00+00:00,BURL1
182,220.0,2.6,2.6,,,,,1025.9,17.0,,3.2,,0.0,,2025-03-18 01:00:00+00:00,BURL1
183,210.0,2.6,2.6,,,,,1025.8,17.0,,3.5,,-0.5,,2025-03-18 00:00:00+00:00,BURL1
184,230.0,2.6,3.1,,,,,1026.0,17.4,,3.3,,-1.0,,2025-03-17 23:00:00+00:00,BURL1
185,270.0,1.5,2.1,,,,,1025.9,17.3,,3.9,,-1.6,,2025-03-17 22:00:00+00:00,BURL1
186,300.0,1.0,1.5,,,,,1026.3,18.6,,2.1,,-1.8,,2025-03-17 21:00:00+00:00,BURL1
187,350.0,3.1,4.1,,,,,1027.0,17.6,,0.8,,-1.6,,2025-03-17 20:00:00+00:00,BURL1
188,10.0,4.1,4.6,,,,,1027.5,16.7,,-1.0,,-1.2,,2025-03-17 19:00:00+00:00,BURL1
189,10.0,4.6,5.7,,,,,1028.1,16.6,,-0.6,,-0.4,,2025-03-17 18:00:00+00:00,BURL1
190,10.0,5.7,6.7,,,,,1028.6,16.4,,-1.8,,0.6,,2025-03-17 17:00:00+00:00,BURL1
191,10.0,5.7,6.2,,,,,1028.7,16.2,,2.1,,1.9,,2025-03-17 16:00:00+00:00,BURL1
192,350.0,5.1,5.7,,,,,1028.5,16.1,,3.7,,2.4,,2025-03-17 15:00:00+00:00,BURL1
193,10.0,5.7,6.2,,,,,1028.0,15.7,,3.8,,2.9,,2025-03-17 14:00:00+00:00,BURL1
194,360.0,5.1,6.2,,,,,1026.8,15.4,,4.9,,2.3,,2025-03-17 13:00:00+00:00,BURL1
195,360.0,6.7,7.2,,,,,1026.1,15.6,,3.3,,1.6,,2025-03-17 12:00:00+00:00,BURL1
196,360.0,6.7,7.2,,,,,1025.1,15.4,,6.1,,0.9,,2025-03-17 11:00:00+00:00,BURL1
197,360.0,5.7,6.7,,,,,1024.5,15.6,,5.4,,0.6,,2025-03-17 10:00:00+00:00,BURL1
198,360.0,7.2,7.7,,,,,1024.5,15.8,,5.7,,1.1,,2025-03-17 09:00:00+00:00,BURL1
199,360.0,8.8,9.8,,,,,1024.2,16.0,,5.4,,1.4,,2025-03-17 08:00:00+00:00,BURL1
200,350.0,12.4,12.9,,,,,1023.9,16.9,,2.5,,1.2,,2025-03-17 07:00:00+00:00,BURL1
201,350.0,12.4,13.4,,,,,1023.4,17.4,,1.6,,1.8,,2025-03-17 06:00:00+00:00,BURL1
202,340.0,15.4,16.5,,,,,1022.8,18.0,,1.6,,2.7,,2025-03-17 05:00:00+00:00,BURL1
203,330.0,13.4,14.9,,,,,1022.7,18.7,,1.7,,4.1,,2025-03-17 04:00:00+00:00,BURL1
204,330.0,14.4,15.4,,,,,1021.6,19.2,,2.4,,4.1,,2025-03-17 03:00:00+00:00,BURL1
205,320.0,15.4,17.0,,,,,1020.1,19.7,,2.4,,3.2,,2025-03-17 02:00:00+00:00,BURL1
206,320.0,17.0,18.5,,,,,1018.6,19.9,,3.4,,2.0,,2025-03-17 01:00:00+00:00,BURL1
207,310.0,16.0,18.0,,,,,1017.5,20.3,,3.1,,1.5,,2025-03-17 00:00:00+00:00,BURL1
208,310.0,15.4,16.5,,,,,1016.9,20.6,,3.5,,1.0,,2025-03-16 23:00:00+00:00,BURL1
209,310.0,9.3,10.3,,,,,1016.6,20.4,,5.3,,0.9,,2025-03-16 22:00:00+00:00,BURL1
210,310.0,10.3,11.3,,,,,1016.0,19.9,,6.7,,0.0,,2025-03-16 21:00:00+00:00,BURL1
211,300.0,10.3,11.3,,,,,1015.9,19.7,,5.4,,0.0,,2025-03-16 20:00:00+00:00,BURL1
212,310.0,10.3,11.3,,,,,1015.7,19.1,,7.8,,0.3,,2025-03-16 19:00:00+00:00,BURL1
213,300.0,9.3,10.3,,,,,1015.8,18.4,,8.7,,1.6,,2025-03-16 18:00:00+00:00,BURL1
214,300.0,9.3,10.3,,,,,1015.9,18.3,,9.0,,3.1,,2025-03-16 17:00:00+00:00,BURL1
215,300.0,11.8,13.4,,,,,1015.4,18.7,,9.1,,3.7,,2025-03-16 16:00:00+00:00,BURL1
216,310.0,11.3,13.4,,,,,1014.2,19.2,,10.4,,3.7,,2025-03-16 15:00:00+00:00,BURL1
217,300.0,13.4,14.9,,,,,1012.8,20.7,,14.7,,3.7,,2025-03-16 14:00:00+00:00,BURL1
218,280.0,9.8,10.8,,,,,1011.7,21.3,,14.9,,4.3,,2025-03-16 13:00:00+00:00,BURL1
219,280.0,9.8,10.3,,,,,1010.5,21.6,,14.2,,3.1,,2025-03-16 12:00:00+00:00,BURL1
220,290.0,10.8,11.8,,,,,1009.1,21.3,,15.5,,1.7,,2025-03-16 11:00:00+00:00,BURL1
221,300.0,11.8,12.4,,,,,1007.4,21.7,,15.0,,-0.6,,2025-03-16 10:00:00+00:00,BURL1
222,300.0,9.8,10.3,,,,,1007.4,21.6,,15.8,,0.3,,2025-03-16 09:00:00+00:00,BURL1
223,300.0,6.7,7.7,,,,,1007.4,22.5,,14.2,,0.8,,2025-03-16 08:00:00+00:00,BURL1
224,260.0,6.7,6.7,,,,,1008.0,20.5,,17.9,,2.2,,2025-03-16 07:00:00+00:00,BURL1
225,270.0,7.7,8.2,,,,,1007.1,20.9,,17.8,,2.6,,2025-03-16 06:00:00+00:00,BURL1
226,270.0,6.7,7.2,,,,,1006.6,21.1,,18.4,,3.6,,2025-03-16 05:00:00+00:00,BURL1
227,260.0,9.3,9.8,,,,,1005.8,21.2,,20.6,,4.2,,2025-03-16 04:00:00+00:00,BURL1
228,230.0,10.3,10.3,,,,,1004.5,21.2,,21.2,,3.5,,2025-03-16 03:00:00+00:00,BURL1
229,210.0,12.9,14.4,,,,,1003.0,22.2,,22.1,,2.3,,2025-03-16 02:00:00+00:00,BURL1
230,190.0,11.8,12.9,,,,,1001.6,22.0,,21.9,,1.2,,2025-03-16 01:00:00+00:00,BURL1
231,190.0,12.9,13.4,,,,,1001.0,22.3,,22.0,,1.1,,2025-03-16 00:00:00+00:00,BURL1
232,180.0,12.4,12.9,,,,,1000.7,22.1,,21.9,,0.9,,2025-03-15 23:00:00+00:00,BURL1
233,180.0,13.4,13.9,,,,,1000.4,22.2,,21.8,,-0.6,,2025-03-15 22:00:00+00:00,BURL1
234,180.0,14.9,17.0,,,,,999.9,22.9,,22.1,,-2.5,,2025-03-15 21:00:00+00:00,BURL1
235,170.0,16.0,17.5,,,,,999.8,22.8,,22.0,,-3.4,,2025-03-15 20:00:00+00:00,BURL1
236,170.0,16.0,17.0,,,,,1001.0,22.8,,21.9,,-2.6,,2025-03-15 19:00:00+00:00,BURL1
237,170.0,15.4,16.5,,,,,1002.4,22.7,,21.6,,-1.7,,2025-03-15 18:00:00+00:00,BURL1
238,160.0,16.0,17.0,,,,,1003.2,22.7,,21.7,,-1.0,,2025-03-15 17:00:00+00:00,BURL1
239,160.0,16.0,17.5,,,,,1003.6,22.8,,21.8,,-0.5,,2025-03-15 16:00:00+00:00,BURL1
240,160.0,16.0,17.0,,,,,1004.1,22.6,,21.7,,0.5,,2025-03-15 15:00:00+00:00,BURL1
241,160.0,14.9,16.5,,,,,1004.2,22.5,,21.7,,0.8,,2025-03-15 14:00:00+00:00,BURL1
242,160.0,13.4,13.9,,,,,1004.1,22.2,,22.1,,0.4,,2025-03-15 13:00:00+00:00,BURL1
243,150.0,12.9,13.4,,,,,1003.6,21.7,,21.7,,-0.7,,2025-03-15 12:00:00+00:00,BURL1
244,150.0,12.9,13.9,,,,,1003.4,21.8,,21.8,,-1.8,,2025-03-15 11:00:00+00:00,BURL1
245,150.0,12.4,12.9,,,,,1003.7,21.8,,21.8,,-2.0,,2025-03-15 10:00:00+00:00,BURL1
246,150.0,12.4,12.9,,,,,1004.3,21.9,,21.9,,-1.9,,2025-03-15 09:00:00+00:00,BURL1
247,150.0,10.8,10.8,,,,,1005.2,21.4,,21.4,,-2.0,,2025-03-15 08:00:00+00:00,BURL1
248,150.0,10.8,11.8,,,,,1005.7,21.7,,21.7,,-2.1,,2025-03-15 07:00:00+00:00,BURL1
249,150.0,12.4,12.9,,,,,1006.2,21.6,,21.6,,-2.1,,2025-03-15 06:00:00+00:00,BURL1
250,140.0,10.8,10.8,,,,,1007.2,21.4,,21.4,,-0.7,,2025-03-15 05:00:00+00:00,BURL1
251,150.0,10.8,10.8,,,,,1007.8,21.3,,21.3,,0.0,,2025-03-15 04:00:00+00:00,BURL1
252,150.0,9.3,9.8,,,,,1008.3,21.0,,21.0,,0.7,,2025-03-15 03:00:00+00:00,BURL1
253,150.0,10.8,11.8,,,,,1007.9,21.1,,21.1,,-0.0,,2025-03-15 02:00:00+00:00,BURL1
254,140.0,10.8,11.3,,,,,1007.8,21.4,,21.4,,0.0,,2025-03-15 01:00:00+00:00,BURL1
255,130.0,11.3,11.3,,,,,1007.6,20.9,,20.9,,-0.4,,2025-03-15 00:00:00+00:00,BURL1
256,140.0,8.8,9.8,,,,,1008.0,20.6,,20.6,,-0.6,,2025-03-14 23:00:00+00:00,BURL1
257,140.0,10.3,10.8,,,,,1007.8,21.0,,21.0,,-2.5,,2025-03-14 22:00:00+00:00,BURL1
258,140.0,10.3,10.3,,,,,1008.0,21.0,,21.0,,-3.4,,2025-03-14 21:00:00+00:00,BURL1
259,140.0,11.8,12.4,,,,,1008.6,20.5,,20.5,,-3.3,,2025-03-14 20:00:00+00:00,BURL1
260,140.0,9.8,10.3,,,,,1010.3,20.3,,20.3,,-1.7,,2025-03-14 19:00:00+00:00,BURL1
261,140.0,9.8,9.8,,,,,1011.4,20.5,,20.5,,-0.9,,2025-03-14 18:00:00+00:00,BURL1
262,140.0,9.3,9.8,,,,,1011.9,20.5,,20.5,,0.0,,2025-03-14 17:00:00+00:00,BURL1
263,140.0,9.3,9.8,,,,,1012.0,20.3,,20.3,,0.4,,2025-03-14 16:00:00+00:00,BURL1
264,140.0,9.3,9.3,,,,,1012.3,20.0,,20.0,,0.7,,2025-03-14 15:00:00+00:00,BURL1
265,140.0,8.2,8.2,,,,,1012.1,20.4,,20.4,,0.8,,2025-03-14 14:00:00+00:00,BURL1
266,140.0,8.2,8.2,,,,,1011.6,20.6,,20.6,,0.8,,2025-03-14 13:00:00+00:00,BURL1
267,140.0,7.2,7.7,,,,,1011.6,20.4,,20.4,,1.1,,2025-03-14 12:00:00+00:00,BURL1
268,140.0,7.2,7.7,,,,,1011.3,20.4,,20.4,,-0.0,,2025-03-14 11:00:00+00:00,BURL1
269,140.0,7.2,7.7,,,,,1010.8,20.0,,20.0,,-1.1,,2025-03-14 10:00:00+00:00,BURL1
270,120.0,6.7,7.2,,,,,1010.5,20.3,,20.3,,-2.1,,2025-03-14 09:00:00+00:00,BURL1
271,150.0,6.7,7.2,,,,,1011.3,20.3,,20.3,,-1.8,,2025-03-14 08:00:00+00:00,BURL1
272,160.0,6.7,6.7,,,,,1011.9,20.2,,20.2,,-1.5,,2025-03-14 07:00:00+00:00,BURL1
273,160.0,6.7,7.2,,,,,1012.6,20.3,,20.3,,-0.9,,2025-03-14 06:00:00+00:00,BURL1
274,170.0,6.2,6.2,,,,,1013.1,20.2,,20.2,,0.0,,2025-03-14 05:00:00+00:00,BURL1
275,170.0,5.1,5.1,,,,,1013.4,20.4,,20.4,,0.8,,2025-03-14 04:00:00+00:00,BURL1
276,170.0,4.6,4.6,,,,,1013.5,20.8,,20.8,,1.3,,2025-03-14 03:00:00+00:00,BURL1
277,180.0,5.1,5.1,,,,,1013.1,21.0,,21.0,,0.9,,2025-03-14 02:00:00+00:00,BURL1
278,170.0,5.7,5.7,,,,,1012.6,21.3,,21.3,,-0.0,,2025-03-14 01:00:00+00:00,BURL1
279,160.0,4.1,4.1,,,,,1012.2,21.7,,21.6,,-0.6,,2025-03-14 00:00:00+00:00,BURL1
280,170.0,4.1,4.1,,,,,1012.2,21.8,,20.8,,-1.2,,2025-03-13 23:00:00+00:00,BURL1
281,170.0,3.6,4.1,,,,,1012.5,21.0,,20.3,,-1.5,,2025-03-13 22:00:00+00:00,BURL1
282,190.0,3.6,3.6,,,,,1012.8,21.5,,20.4,,-1.7,,2025-03-13 21:00:00+00:00,BURL1
283,200.0,5.1,5.1,,,,,1013.4,21.0,,20.2,,-1.7,,2025-03-13 20:00:00+00:00,BURL1
284,200.0,5.1,5.1,,,,,1014.0,21.4,,20.1,,-1.0,,2025-03-13 19:00:00+00:00,BURL1
285,190.0,5.7,6.2,,,,,1014.5,20.9,,20.0,,-0.3,,2025-03-13 18:00:00+00:00,BURL1
286,190.0,6.7,6.7,,,,,1015.1,19.9,,19.8,,0.5,,2025-03-13 17:00:00+00:00,BURL1
287,200.0,7.2,7.2,,,,,1015.0,20.1,,20.0,,0.7,,2025-03-13 16:00:00+00:00,BURL1
288,190.0,5.1,5.7,,,,,1014.8,20.6,,20.5,,1.3,,2025-03-13 15:00:00+00:00,BURL1
289,190.0,5.7,5.7,,,,,1014.6,19.4,,19.3,,1.0,,2025-03-13 14:00:00+00:00,BURL1
290,180.0,5.7,5.7,,,,,1014.3,19.4,,19.4,,0.9,,2025-03-13 13:00:00+00:00,BURL1
291,160.0,4.6,4.6,,,,,1013.5,18.7,,18.7,,0.4,,2025-03-13 12:00:00+00:00,BURL1
292,170.0,3.1,3.1,,,,,1013.6,18.6,,18.6,,-0.0,,2025-03-13 11:00:00+00:00,BURL1
293,160.0,2.6,2.6,,,,,1013.4,19.0,,19.0,,-0.6,,2025-03-13 10:00:00+00:00,BURL1
294,150.0,5.7,5.7,,,,,1013.1,19.4,,18.9,,-1.7,,2025-03-13 09:00:00+00:00,BURL1
295,160.0,5.7,6.2,,,,,1013.4,19.3,,18.6,,-2.1,,2025-03-13 08:00:00+00:00,BURL1
296,160.0,4.6,4.6,,,,,1014.0,20.3,,18.7,,-1.2,,2025-03-13 07:00:00+00:00,BURL1
297,160.0,4.6,4.6,,,,,1014.8,20.1,,20.1,,-0.4,,2025-03-13 06:00:00+00:00,BURL1
298,140.0,4.6,4.6,,,,,1015.5,20.1,,19.6,,0.4,,2025-03-13 05:00:00+00:00,BURL1
299,140.0,5.1,5.1,,,,,1015.2,20.4,,19.5,,0.7,,2025-03-13 04:00:00+00:00,BURL1
300,150.0,5.7,5.7,,,,,1015.2,20.2,,19.5,,0.7,,2025-03-13 03:00:00+00:00,BURL1
301,150.0,4.1,4.6,,,,,1015.1,20.1,,19.2,,0.8,,2025-03-13 02:00:00+00:00,BURL1
302,160.0,5.7,6.2,,,,,1014.5,20.2,,18.6,,0.3,,2025-03-13 01:00:00+00:00,BURL1
303,170.0,4.6,4.6,,,,,1014.5,19.9,,18.5,,-0.3,,2025-03-13 00:00:00+00:00,BURL1
304,170.0,6.2,6.2,,,,,1014.3,20.3,,18.4,,-0.6,,2025-03-12 23:00:00+00:00,BURL1
305,170.0,5.7,5.7,,,,,1014.2,20.4,,18.1,,-2.0,,2025-03-12 22:00:00+00:00,BURL1
306,170.0,4.1,4.1,,,,,1014.8,20.4,,17.6,,-2.2,,2025-03-12 21:00:00+00:00,BURL1
307,150.0,5.7,5.7,,,,,1014.9,20.1,,16.6,,-3.1,,2025-03-12 20:00:00+00:00,BURL1
308,150.0,5.1,5.1,,,,,1016.2,19.8,,16.6,,-2.3,,2025-03-12 19:00:00+00:00,BURL1
309,150.0,4.1,4.6,,,,,1017.0,20.3,,14.9,,-1.1,,2025-03-12 18:00:00+00:00,BURL1
310,170.0,4.1,4.1,,,,,1018.0,19.7,,15.2,,0.6,,2025-03-12 17:00:00+00:00,BURL1
311,210.0,3.1,3.1,,,,,1018.5,19.2,,14.1,,1.6,,2025-03-12 16:00:00+00:00,BURL1
312,170.0,2.1,2.1,,,,,1018.1,18.4,,14.0,,1.3,,2025-03-12 15:00:00+00:00,BURL1
313,180.0,1.5,1.5,,,,,1017.4,18.7,,13.8,,0.8,,2025-03-12 14:00:00+00:00,BURL1
314,210.0,2.6,3.1,,,,,1016.9,18.3,,13.5,,0.7,,2025-03-12 13:00:00+00:00,BURL1
315,190.0,2.6,3.1,,,,,1016.8,17.4,,13.8,,0.7,,2025-03-12 12:00:00+00:00,BURL1
316,210.0,3.1,3.6,,,,,1016.6,17.5,,13.7,,-0.0,,2025-03-12 11:00:00+00:00,BURL1
317,230.0,3.6,3.6,,,,,1016.2,16.7,,14.0,,-0.8,,2025-03-12 10:00:00+00:00,BURL1
318,210.0,4.1,4.1,,,,,1016.1,16.8,,14.0,,-1.4,,2025-03-12 09:00:00+00:00,BURL1
319,180.0,3.6,3.6,,,,,1016.4,17.2,,13.2,,-1.2,,2025-03-12 08:00:00+00:00,BURL1
320,180.0,2.6,2.6,,,,,1017.0,17.4,,12.2,,-0.9,,2025-03-12 07:00:00+00:00,BURL1
321,200.0,1.5,2.1,,,,,1017.5,17.1,,11.9,,-0.4,,2025-03-12 06:00:00+00:00,BURL1
322,200.0,2.1,2.1,,,,,1017.6,17.2,,12.9,,0.0,,2025-03-12 05:00:00+00:00,BURL1
323,220.0,2.1,2.6,,,,,1017.9,17.8,,11.4,,0.4,,2025-03-12 04:00:00+00:00,BURL1
324,220.0,3.1,3.1,,,,,1017.9,17.9,,11.6,,0.9,,2025-03-12 03:00:00+00:00,BURL1
325,210.0,3.6,3.6,,,,,1017.5,17.6,,12.3,,0.4,,2025-03-12 02:00:00+00:00,BURL1
326,230.0,3.6,3.6,,,,,1017.5,17.7,,11.6,,0.3,,2025-03-12 01:00:00+00:00,BURL1
327,200.0,2.6,2.6,,,,,1017.0,17.5,,11.8,,-0.3,,2025-03-12 00:00:00+00:00,BURL1
328,230.0,2.6,2.6,,,,,1017.1,18.3,,10.1,,-0.5,,2025-03-11 23:00:00+00:00,BURL1
329,220.0,3.1,3.1,,,,,1017.2,18.0,,9.4,,-0.9,,2025-03-11 22:00:00+00:00,BURL1
330,200.0,2.1,2.1,,,,,1017.3,17.9,,9.1,,-1.8,,2025-03-11 21:00:00+00:00,BURL1
331,240.0,2.1,2.1,,,,,1017.6,17.5,,11.0,,-1.8,,2025-03-11 20:00:00+00:00,BURL1
332,290.0,1.0,1.0,,,,,1018.1,19.2,,8.9,,-1.6,,2025-03-11 19:00:00+00:00,BURL1
333,340.0,2.6,2.6,,,,,1019.1,18.0,,11.5,,-0.5,,2025-03-11 18:00:00+00:00,BURL1
334,350.0,3.1,3.1,,,,,1019.4,17.3,,12.0,,0.4,,2025-03-11 17:00:00+00:00,BURL1
335,340.0,3.1,3.6,,,,,1019.7,16.5,,11.9,,1.8,,2025-03-11 16:00:00+00:00,BURL1
336,340.0,4.1,4.1,,,,,1019.6,15.6,,11.3,,2.5,,2025-03-11 15:00:00+00:00,BURL1
337,330.0,3.1,3.1,,,,,1019.0,16.1,,10.8,,2.2,,2025-03-11 14:00:00+00:00,BURL1
338,310.0,2.6,3.1,,,,,1017.9,16.2,,11.4,,1.3,,2025-03-11 13:00:00+00:00,BURL1
339,330.0,4.6,4.6,,,,,1017.1,15.3,,11.1,,0.7,,2025-03-11 12:00:00+00:00,BURL1
340,320.0,4.6,5.1,,,,,1016.8,16.0,,12.1,,-0.0,,2025-03-11 11:00:00+00:00,BURL1
341,300.0,4.6,5.1,,,,,1016.6,17.0,,11.0,,-0.5,,2025-03-11 10:00:00+00:00,BURL1
342,310.0,5.1,5.7,,,,,1016.4,17.2,,10.8,,-1.0,,2025-03-11 09:00:00+00:00,BURL1
343,310.0,5.7,6.2,,,,,1016.8,16.8,,11.8,,-0.9,,2025-03-11 08:00:00+00:00,BURL1
344,310.0,5.1,5.7,,,,,1017.1,18.0,,12.4,,-0.8,,2025-03-11 07:00:00+00:00,BURL1
345,280.0,6.2,6.7,,,,,1017.4,17.3,,13.6,,0.0,,2025-03-11 06:00:00+00:00,BURL1
346,260.0,6.2,6.7,,,,,1017.7,17.0,,13.5,,0.8,,2025-03-11 05:00:00+00:00,BURL1
347,250.0,6.2,6.2,,,,,1017.9,16.6,,14.0,,1.3,,2025-03-11 04:00:00+00:00,BURL1
348,250.0,5.7,6.7,,,,,1017.5,16.6,,13.2,,1.3,,2025-03-11 03:00:00+00:00,BURL1
349,260.0,6.2,6.7,,,,,1016.9,16.3,,13.2,,0.9,,2025-03-11 02:00:00+00:00,BURL1
350,290.0,6.7,7.2,,,,,1016.6,18.1,,11.7,,1.0,,2025-03-11 01:00:00+00:00,BURL1
351,300.0,6.2,6.2,,,,,1016.2,17.7,,11.9,,0.6,,2025-03-11 00:00:00+00:00,BURL1
352,310.0,6.2,6.7,,,,,1016.0,17.9,,11.4,,-0.0,,2025-03-10 23:00:00+00:00,BURL1
353,320.0,7.2,7.7,,,,,1015.6,17.3,,11.7,,-1.1,,2025-03-10 22:00:00+00:00,BURL1
354,310.0,8.8,9.8,,,,,1015.6,16.8,,11.0,,-1.7,,2025-03-10 21:00:00+00:00,BURL1
355,310.0,9.3,9.8,,,,,1016.1,15.6,,10.3,,-1.2,,2025-03-10 20:00:00+00:00,BURL1
356,310.0,9.3,10.3,,,,,1016.7,14.7,,10.2,,-0.5,,2025-03-10 19:00:00+00:00,BURL1
357,320.0,8.2,8.8,,,,,1017.3,14.2,,10.4,,0.4,,2025-03-10 18:00:00+00:00,BURL1
358,320.0,10.3,11.3,,,,,1017.3,13.6,,10.2,,1.1,,2025-03-10 17:00:00+00:00,BURL1
359,320.0,11.3,12.4,,,,,1017.2,13.3,,10.1,,1.7,,2025-03-10 16:00:00+00:00,BURL1
360,320.0,12.4,13.9,,,,,1016.9,12.6,,9.6,,2.3,,2025-03-10 15:00:00+00:00,BURL1
361,320.0,12.4,14.4,,,,,1016.2,12.5,,9.7,,2.0,,2025-03-10 14:00:00+00:00,BURL1
362,310.0,13.9,15.4,,,,,1015.5,12.3,,9.7,,1.9,,2025-03-10 13:00:00+00:00,BURL1
363,310.0,12.4,14.4,,,,,1014.6,12.7,,9.2,,0.6,,2025-03-10 12:00:00+00:00,BURL1
364,300.0,13.4,14.9,,,,,1014.2,12.7,,9.2,,-0.0,,2025-03-10 11:00:00+00:00,BURL1
365,310.0,16.5,17.5,,,,,1013.6,12.9,,9.1,,-0.7,,2025-03-10 10:00:00+00:00,BURL1
366,310.0,13.9,14.9,,,,,1014.0,12.6,,8.7,,-0.5,,2025-03-10 09:00:00+00:00,BURL1
367,300.0,13.9,14.9,,,,,1014.2,13.2,,9.2,,-0.5,,2025-03-10 08:00:00+00:00,BURL1
368,310.0,11.3,12.9,,,,,1014.3,13.6,,9.6,,0.0,,2025-03-10 07:00:00+00:00,BURL1
369,310.0,13.4,15.4,,,,,1014.5,13.9,,9.2,,1.0,,2025-03-10 06:00:00+00:00,BURL1
370,310.0,15.4,17.5,,,,,1014.7,14.4,,9.9,,1.9,,2025-03-10 05:00:00+00:00,BURL1
371,310.0,13.9,15.4,,,,,1014.3,15.1,,11.8,,2.0,,2025-03-10 04:00:00+00:00,BURL1
372,310.0,13.4,14.4,,,,,1013.5,16.4,,14.6,,1.8,,2025-03-10 03:00:00+00:00,BURL1
373,300.0,9.8,10.8,,,,,1012.8,17.7,,16.6,,1.6,,2025-03-10 02:00:00+00:00,BURL1
374,290.0,11.3,12.9,,,,,1012.3,17.6,,17.6,,1.4,,2025-03-10 01:00:00+00:00,BURL1
375,290.0,10.3,11.8,,,,,1011.7,16.8,,16.8,,1.1,,2025-03-10 00:00:00+00:00,BURL1
376,320.0,3.6,4.1,,,,,1011.2,16.4,,16.4,,0.6,,2025-03-09 23:00:00+00:00,BURL1
377,350.0,4.6,5.1,,,,,1010.9,16.4,,16.4,,-0.0,,2025-03-09 22:00:00+00:00,BURL1
378,360.0,4.1,4.1,,,,,1010.6,17.0,,17.0,,-0.9,,2025-03-09 21:00:00+00:00,BURL1
379,350.0,5.1,5.1,,,,,1010.6,16.3,,16.3,,-1.7,,2025-03-09 20:00:00+00:00,BURL1
380,300.0,3.1,3.6,,,,,1010.9,19.5,,19.5,,-1.7,,2025-03-09 19:00:00+00:00,BURL1
381,320.0,1.5,2.1,,,,,1011.5,20.1,,20.1,,-0.9,,2025-03-09 18:00:00+00:00,BURL1
382,310.0,3.1,3.1,,,,,1012.3,19.8,,19.8,,0.9,,2025-03-09 17:00:00+00:00,BURL1
383,300.0,5.7,5.7,,,,,1012.6,19.6,,19.6,,1.4,,2025-03-09 16:00:00+00:00,BURL1
384,250.0,6.2,6.7,,,,,1012.4,20.1,,20.1,,1.6,,2025-03-09 15:00:00+00:00,BURL1
385,210.0,8.2,9.3,,,,,1011.4,20.3,,20.3,,1.0,,2025-03-09 14:00:00+00:00,BURL1
386,210.0,8.8,8.8,,,,,1011.2,21.0,,21.0,,1.2,,2025-03-09 13:00:00+00:00,BURL1
387,200.0,8.8,8.8,,,,,1010.8,20.5,,20.5,,0.8,,2025-03-09 12:00:00+00:00,BURL1
388,200.0,7.7,8.2,,,,,1010.4,20.9,,20.9,,0.3,,2025-03-09 11:00:00+00:00,BURL1
389,200.0,7.2,7.2,,,,,1010.0,21.1,,21.1,,-0.8,,2025-03-09 10:00:00+00:00,BURL1
390,200.0,5.7,5.7,,,,,1010.0,21.5,,21.5,,-0.8,,2025-03-09 09:00:00+00:00,BURL1
391,180.0,5.7,5.7,,,,,1010.1,22.0,,22.0,,-1.1,,2025-03-09 08:00:00+00:00,BURL1
392,180.0,5.1,5.1,,,,,1010.8,22.2,,22.2,,-0.3,,2025-03-09 07:00:00+00:00,BURL1
393,170.0,5.7,5.7,,,,,1010.8,22.1,,22.1,,-0.3,,2025-03-09 06:00:00+00:00,BURL1
394,160.0,4.6,4.6,,,,,1011.2,22.1,,22.1,,-0.0,,2025-03-09 05:00:00+00:00,BURL1
395,140.0,4.6,5.1,,,,,1011.1,20.8,,20.8,,0.0,,2025-03-09 04:00:00+00:00,BURL1
396,100.0,3.1,3.6,,,,,1011.1,20.3,,20.3,,1.2,,2025-03-09 03:00:00+00:00,BURL1
397,40.0,2.6,3.6,,,,,1011.4,20.4,,20.4,,0.7,,2025-03-09 02:00:00+00:00,BURL1
398,150.0,2.6,3.6,,,,,1011.3,21.1,,21.1,,0.4,,2025-03-09 01:00:00+00:00,BURL1
399,120.0,11.8,12.4,,,,,1009.9,18.8,,18.8,,-1.5,,2025-03-09 00:00:00+00:00,BURL1
400,90.0,9.3,9.8,,,,,1010.7,17.9,,17.9,,-1.4,,2025-03-08 23:00:00+00:00,BURL1
401,90.0,9.3,9.8,,,,,1010.9,17.4,,17.4,,-2.1,,2025-03-08 22:00:00+00:00,BURL1
402,70.0,8.2,8.2,,,,,1011.4,16.7,,16.7,,-2.6,,2025-03-08 21:00:00+00:00,BURL1
403,40.0,9.8,9.8,,,,,1012.1,17.1,,17.1,,-2.7,,2025-03-08 20:00:00+00:00,BURL1
404,40.0,8.8,8.8,,,,,1013.0,17.2,,17.2,,-2.0,,2025-03-08 19:00:00+00:00,BURL1
405,50.0,7.7,8.2,,,,,1014.0,17.8,,17.8,,-1.0,,2025-03-08 18:00:00+00:00,BURL1
406,20.0,3.1,3.1,,,,,1014.8,19.8,,19.8,,0.0,,2025-03-08 17:00:00+00:00,BURL1
407,340.0,1.5,2.1,,,,,1015.0,20.5,,20.5,,1.3,,2025-03-08 16:00:00+00:00,BURL1
408,220.0,4.1,4.6,,,,,1015.0,20.7,,20.7,,2.0,,2025-03-08 15:00:00+00:00,BURL1
409,210.0,6.2,6.2,,,,,1014.6,20.4,,20.4,,2.7,,2025-03-08 14:00:00+00:00,BURL1
410,200.0,7.7,7.7,,,,,1013.7,19.8,,19.8,,1.8,,2025-03-08 13:00:00+00:00,BURL1
411,200.0,8.8,8.8,,,,,1013.0,20.0,,20.0,,1.4,,2025-03-08 12:00:00+00:00,BURL1
412,190.0,9.8,10.3,,,,,1011.9,19.4,,19.4,,-0.0,,2025-03-08 11:00:00+00:00,BURL1
413,190.0,9.8,9.8,,,,,1011.9,19.6,,19.6,,-0.7,,2025-03-08 10:00:00+00:00,BURL1
414,190.0,11.3,11.8,,,,,1011.6,19.5,,19.5,,-1.4,,2025-03-08 09:00:00+00:00,BURL1
415,180.0,10.3,10.3,,,,,1012.0,19.4,,19.4,,-1.6,,2025-03-08 08:00:00+00:00,BURL1
416,180.0,8.8,8.8,,,,,1012.6,19.3,,19.3,,-1.0,,2025-03-08 07:00:00+00:00,BURL1
417,180.0,4.6,5.1,,,,,1013.0,20.6,,20.6,,-0.4,,2025-03-08 06:00:00+00:00,BURL1
418,180.0,9.3,9.3,,,,,1013.6,19.5,,19.5,,-0.0,,2025-03-08 05:00:00+00:00,BURL1
419,160.0,8.2,8.8,,,,,1013.6,19.9,,19.9,,-0.5,,2025-03-08 04:00:00+00:00,BURL1
420,150.0,8.2,8.8,,,,,1013.4,19.6,,19.6,,-0.9,,2025-03-08 03:00:00+00:00,BURL1
421,150.0,9.8,9.8,,,,,1013.7,19.5,,19.4,,-0.7,,2025-03-08 02:00:00+00:00,BURL1
422,140.0,7.7,8.2,,,,,1014.1,20.1,,20.1,,-0.7,,2025-03-08 01:00:00+00:00,BURL1
423,130.0,7.7,7.7,,,,,1014.3,19.1,,18.9,,-0.4,,2025-03-08 00:00:00+00:00,BURL1
424,130.0,7.7,7.7,,,,,1014.4,19.5,,18.7,,-0.3,,2025-03-07 23:00:00+00:00,BURL1
425,140.0,7.7,8.2,,,,,1014.8,19.2,,18.2,,-1.4,,2025-03-07 22:00:00+00:00,BURL1
426,140.0,9.3,9.3,,,,,1014.7,19.0,,17.8,,-2.5,,2025-03-07 21:00:00+00:00,BURL1
427,130.0,8.8,9.3,,,,,1014.7,19.3,,17.5,,-3.1,,2025-03-07 20:00:00+00:00,BURL1
428,160.0,7.7,7.7,,,,,1016.2,19.0,,16.4,,-2.2,,2025-03-07 19:00:00+00:00,BURL1
429,160.0,7.2,7.2,,,,,1017.2,19.0,,16.2,,-0.8,,2025-03-07 18:00:00+00:00,BURL1
430,150.0,6.7,6.7,,,,,1017.8,18.6,,15.8,,0.0,,2025-03-07 17:00:00+00:00,BURL1
431,150.0,5.7,6.2,,,,,1018.4,17.9,,15.1,,0.8,,2025-03-07 16:00:00+00:00,BURL1
432,150.0,6.2,6.7,,,,,1018.0,18.6,,15.2,,1.1,,2025-03-07 15:00:00+00:00,BURL1
433,150.0,7.2,7.2,,,,,1017.9,17.4,,13.8,,1.3,,2025-03-07 14:00:00+00:00,BURL1
434,160.0,6.2,6.2,,,,,1017.6,16.7,,13.1,,1.8,,2025-03-07 13:00:00+00:00,BURL1
435,160.0,5.7,6.2,,,,,1016.9,17.4,,13.1,,1.0,,2025-03-07 12:00:00+00:00,BURL1
436,160.0,5.7,5.7,,,,,1016.6,16.9,,12.0,,-0.0,,2025-03-07 11:00:00+00:00,BURL1
437,160.0,6.2,6.2,,,,,1015.8,15.8,,11.5,,-1.7,,2025-03-07 10:00:00+00:00,BURL1
438,160.0,5.7,5.7,,,,,1015.9,14.3,,10.1,,-1.5,,2025-03-07 09:00:00+00:00,BURL1
439,150.0,3.6,3.6,,,,,1016.7,13.7,,5.7,,-1.6,,2025-03-07 08:00:00+00:00,BURL1
440,140.0,2.6,2.6,,,,,1017.5,13.6,,5.2,,-1.5,,2025-03-07 07:00:00+00:00,BURL1
441,110.0,2.6,3.1,,,,,1017.4,12.6,,1.8,,-1.8,,2025-03-07 06:00:00+00:00,BURL1
442,130.0,1.5,2.1,,,,,1018.3,12.7,,3.7,,-0.7,,2025-03-07 05:00:00+00:00,BURL1
443,170.0,1.0,1.0,,,,,1019.0,12.7,,4.2,,0.0,,2025-03-07 04:00:00+00:00,BURL1
444,250.0,0.5,1.0,,,,,1019.2,12.7,,0.1,,1.0,,2025-03-07 03:00:00+00:00,BURL1
445,180.0,0.5,1.0,,,,,1019.0,12.8,,1.3,,0.8,,2025-03-07 02:00:00+00:00,BURL1
446,300.0,1.0,1.0,,,,,1018.9,13.2,,1.9,,0.3,,2025-03-07 01:00:00+00:00,BURL1
447,310.0,0.5,1.0,,,,,1018.2,12.8,,1.2,,-0.8,,2025-03-07 00:00:00+00:00,BURL1
448,190.0,0.5,1.0,,,,,1018.2,13.3,,1.0,,-1.6,,2025-03-06 23:00:00+00:00,BURL1
449,110.0,0.5,0.5,,,,,1018.6,14.1,,1.3,,-2.2,,2025-03-06 22:00:00+00:00,BURL1
450,20.0,2.1,2.6,,,,,1019.0,13.3,,2.3,,-2.9,,2025-03-06 21:00:00+00:00,BURL1
451,350.0,2.1,2.1,,,,,1019.8,13.4,,-0.4,,-2.1,,2025-03-06 20:00:00+00:00,BURL1
452,360.0,3.6,4.1,,,,,1020.8,12.7,,-0.9,,-1.0,,2025-03-06 19:00:00+00:00,BURL1
453,10.0,3.6,4.1,,,,,1021.9,12.3,,0.4,,0.6,,2025-03-06 18:00:00+00:00,BURL1
454,10.0,5.7,6.2,,,,,1021.9,12.0,,1.0,,1.3,,2025-03-06 17:00:00+00:00,BURL1
455,10.0,5.7,6.7,,,,,1021.8,11.9,,1.2,,2.5,,2025-03-06 16:00:00+00:00,BURL1
456,10.0,5.7,6.2,,,,,1021.3,11.7,,1.5,,2.2,,2025-03-06 15:00:00+00:00,BURL1
457,360.0,6.7,7.2,,,,,1020.6,11.5,,2.3,,1.5,,2025-03-06 14:00:00+00:00,BURL1
458,360.0,7.2,7.7,,,,,1019.3,11.6,,4.2,,1.0,,2025-03-06 13:00:00+00:00,BURL1
459,360.0,8.2,9.3,,,,,1019.1,12.2,,3.4,,0.5,,2025-03-06 12:00:00+00:00,BURL1
460,350.0,8.2,8.8,,,,,1019.1,12.6,,3.6,,0.6,,2025-03-06 11:00:00+00:00,BURL1
461,350.0,11.3,12.4,,,,,1018.3,13.0,,0.8,,0.0,,2025-03-06 10:00:00+00:00,BURL1
462,350.0,10.8,11.8,,,,,1018.6,13.3,,2.5,,0.9,,2025-03-06 09:00:00+00:00,BURL1
463,350.0,11.3,12.4,,,,,1018.5,13.5,,4.6,,1.5,,2025-03-06 08:00:00+00:00,BURL1
464,340.0,12.4,12.9,,,,,1018.1,14.6,,3.1,,1.3,,2025-03-06 07:00:00+00:00,BURL1
465,340.0,11.3,12.4,,,,,1017.7,15.1,,4.2,,1.7,,2025-03-06 06:00:00+00:00,BURL1
466,320.0,12.9,14.4,,,,,1017.0,16.1,,2.6,,1.8,,2025-03-06 05:00:00+00:00,BURL1
467,320.0,11.3,13.4,,,,,1016.8,16.8,,3.7,,2.9,,2025-03-06 04:00:00+00:00,BURL1
468,300.0,12.9,14.4,,,,,1016.0,17.0,,6.7,,2.9,,2025-03-06 03:00:00+00:00,BURL1
469,290.0,13.9,15.4,,,,,1015.2,16.9,,8.0,,2.5,,2025-03-06 02:00:00+00:00,BURL1
470,280.0,14.4,16.0,,,,,1013.9,16.8,,7.9,,1.4,,2025-03-06 01:00:00+00:00,BURL1
471,280.0,14.4,15.4,,,,,1013.1,16.7,,9.2,,0.5,,2025-03-06 00:00:00+00:00,BURL1
472,280.0,14.9,16.0,,,,,1012.7,16.8,,8.5,,0.3,,2025-03-05 23:00:00+00:00,BURL1
473,270.0,14.4,16.0,,,,,1012.5,16.2,,9.4,,-0.4,,2025-03-05 22:00:00+00:00,BURL1
474,270.0,12.9,14.4,,,,,1012.6,16.0,,10.5,,-0.9,,2025-03-05 21:00:00+00:00,BURL1
475,260.0,11.8,12.9,,,,,1012.4,16.0,,10.1,,-1.3,,2025-03-05 20:00:00+00:00,BURL1
476,270.0,11.8,12.4,,,,,1012.9,16.0,,10.2,,-0.6,,2025-03-05 19:00:00+00:00,BURL1
477,280.0,10.8,11.8,,,,,1013.5,16.1,,9.8,,0.8,,2025-03-05 18:00:00+00:00,BURL1
478,290.0,12.9,13.4,,,,,1013.7,16.0,,8.8,,1.9,,2025-03-05 17:00:00+00:00,BURL1
479,290.0,12.4,13.4,,,,,1013.5,16.1,,8.7,,2.9,,2025-03-05 16:00:00+00:00,BURL1
480,290.0,13.4,14.9,,,,,1012.7,16.5,,8.7,,2.7,,2025-03-05 15:00:00+00:00,BURL1
481,290.0,14.9,16.5,,,,,1011.8,16.8,,9.0,,2.6,,2025-03-05 14:00:00+00:00,BURL1
482,280.0,13.4,17.0,,,,,1010.6,17.3,,9.4,,1.9,,2025-03-05 13:00:00+00:00,BURL1
483,270.0,12.9,13.9,,,,,1010.0,17.9,,10.3,,1.6,,2025-03-05 12:00:00+00:00,BURL1
484,270.0,12.9,13.9,,,,,1009.2,18.1,,10.8,,0.7,,2025-03-05 11:00:00+00:00,BURL1
485,270.0,14.4,16.0,,,,,1008.7,18.8,,11.2,,-0.0,,2025-03-05 10:00:00+00:00,BURL1
486,270.0,12.9,13.9,,,,,1008.4,19.3,,11.3,,0.0,,2025-03-05 09:00:00+00:00,BURL1
487,260.0,11.3,12.9,,,,,1008.5,19.6,,11.9,,0.5,,2025-03-05 08:00:00+00:00,BURL1
488,240.0,10.8,11.3,,,,,1008.6,18.8,,13.7,,0.4,,2025-03-05 07:00:00+00:00,BURL1
489,250.0,10.3,10.8,,,,,1008.4,18.4,,14.4,,0.8,,2025-03-05 06:00:00+00:00,BURL1
490,230.0,9.8,10.3,,,,,1008.0,17.3,,14.6,,2.4,,2025-03-05 05:00:00+00:00,BURL1
491,250.0,10.3,11.8,,,,,1008.2,14.7,,13.7,,2.1,,2025-03-05 04:00:00+00:00,BURL1
492,280.0,18.0,20.1,,,,,1007.6,16.2,,14.7,,2.0,,2025-03-05 03:00:00+00:00,BURL1
493,180.0,16.5,18.0,,,,,1005.6,22.5,,20.9,,-0.6,,2025-03-05 02:00:00+00:00,BURL1
494,180.0,14.9,16.0,,,,,1006.1,22.4,,20.5,,-0.0,,2025-03-05 01:00:00+00:00,BURL1
495,170.0,14.9,16.5,,,,,1005.6,22.3,,20.6,,-0.5,,2025-03-05 00:00:00+00:00,BURL1
496,170.0,13.4,14.4,,,,,1006.2,22.1,,20.5,,-0.4,,2025-03-04 23:00:00+00:00,BURL1
497,170.0,12.9,14.9,,,,,1006.0,22.3,,20.5,,-1.5,,2025-03-04 22:00:00+00:00,BURL1
498,170.0,13.9,15.4,,,,,1006.1,22.4,,20.3,,-2.8,,2025-03-04 21:00:00+00:00,BURL1
499,150.0,12.9,13.9,,,,,1006.6,21.7,,20.4,,-4.3,,2025-03-04 20:00:00+00:00,BURL1
500,140.0,16.0,17.0,,,,,1007.5,21.4,,19.9,,-3.6,,2025-03-04 19:00:00+00:00,BURL1
501,140.0,16.5,18.0,,,,,1008.9,21.0,,19.1,,-2.8,,2025-03-04 18:00:00+00:00,BURL1
502,140.0,13.4,14.9,,,,,1010.9,20.4,,18.3,,-0.3,,2025-03-04 17:00:00+00:00,BURL1
503,140.0,15.4,16.5,,,,,1011.1,20.2,,17.5,,-0.3,,2025-03-04 16:00:00+00:00,BURL1
504,140.0,13.9,14.4,,,,,1011.7,19.9,,17.1,,-0.5,,2025-03-04 15:00:00+00:00,BURL1
505,140.0,14.9,15.4,,,,,1011.2,19.3,,16.5,,-1.5,,2025-03-04 14:00:00+00:00,BURL1
506,140.0,13.9,14.4,,,,,1011.4,19.2,,16.1,,-1.3,,2025-03-04 13:00:00+00:00,BURL1
507,150.0,11.3,11.8,,,,,1012.2,18.6,,16.2,,-1.2,,2025-03-04 12:00:00+00:00,BURL1
508,140.0,11.3,11.8,,,,,1012.7,18.7,,15.8,,-1.8,,2025-03-04 11:00:00+00:00,BURL1
509,130.0,12.4,13.4,,,,,1012.7,18.9,,15.7,,-1.9,,2025-03-04 10:00:00+00:00,BURL1
510,130.0,10.8,11.3,,,,,1013.4,19.2,,16.1,,-1.6,,2025-03-04 09:00:00+00:00,BURL1
511,130.0,10.3,11.3,,,,,1014.5,19.4,,15.9,,-1.5,,2025-03-04 08:00:00+00:00,BURL1
512,120.0,12.9,13.4,,,,,1014.6,19.2,,16.2,,-1.8,,2025-03-04 07:00:00+00:00,BURL1
513,120.0,11.3,12.4,,,,,1015.0,19.0,,16.4,,-2.0,,2025-03-04 06:00:00+00:00,BURL1
514,120.0,11.3,11.8,,,,,1016.0,18.9,,15.9,,-1.2,,2025-03-04 05:00:00+00:00,BURL1
515,120.0,11.8,11.8,,,,,1016.4,18.7,,15.9,,-0.5,,2025-03-04 04:00:00+00:00,BURL1
516,120.0,11.3,11.3,,,,,1017.0,18.3,,15.4,,0.0,,2025-03-04 03:00:00+00:00,BURL1
517,110.0,10.3,10.8,,,,,1017.2,18.1,,15.2,,-0.3,,2025-03-04 02:00:00+00:00,BURL1
518,110.0,9.8,10.3,,,,,1016.9,18.0,,15.0,,-1.3,,2025-03-04 01:00:00+00:00,BURL1
519,110.0,8.8,8.8,,,,,1017.1,18.1,,14.8,,-1.4,,2025-03-04 00:00:00+00:00,BURL1
520,110.0,8.2,8.2,,,,,1017.5,18.5,,14.6,,-1.3,,2025-03-03 23:00:00+00:00,BURL1
521,110.0,7.2,7.2,,,,,1018.2,17.9,,13.9,,-1.0,,2025-03-03 22:00:00+00:00,BURL1
522,120.0,7.2,7.2,,,,,1018.5,18.0,,13.8,,-2.0,,2025-03-03 21:00:00+00:00,BURL1
523,120.0,7.7,8.2,,,,,1018.8,18.4,,12.7,,-2.7,,2025-03-03 20:00:00+00:00,BURL1
524,120.0,8.8,9.3,,,,,1019.2,18.0,,12.9,,-2.0,,2025-03-03 19:00:00+00:00,BURL1
525,110.0,7.2,7.7,,,,,1020.5,17.6,,13.1,,0.0,,2025-03-03 18:00:00+00:00,BURL1
526,110.0,5.7,6.2,,,,,1021.5,16.0,,12.5,,1.4,,2025-03-03 17:00:00+00:00,BURL1
527,110.0,6.2,6.7,,,,,1021.2,15.7,,11.6,,1.4,,2025-03-03 16:00:00+00:00,BURL1
528,100.0,6.7,6.7,,,,,1020.7,14.3,,11.2,,1.0,,2025-03-03 15:00:00+00:00,BURL1
529,80.0,7.7,7.7,,,,,1020.1,13.3,,9.7,,0.6,,2025-03-03 14:00:00+00:00,BURL1
530,60.0,7.7,8.2,,,,,1019.8,13.2,,9.6,,0.5,,2025-03-03 13:00:00+00:00,BURL1
531,70.0,8.2,8.2,,,,,1019.7,12.7,,9.2,,0.5,,2025-03-03 12:00:00+00:00,BURL1
532,70.0,6.7,6.7,,,,,1019.5,13.1,,9.0,,0.4,,2025-03-03 11:00:00+00:00,BURL1
533,70.0,6.2,6.7,,,,,1019.3,13.2,,8.9,,-0.0,,2025-03-03 10:00:00+00:00,BURL1
534,70.0,6.7,6.7,,,,,1019.2,13.5,,8.9,,-0.3,,2025-03-03 09:00:00+00:00,BURL1
535,70.0,7.7,8.2,,,,,1019.1,13.9,,9.5,,-0.7,,2025-03-03 08:00:00+00:00,BURL1
536,80.0,7.7,7.7,,,,,1019.5,14.7,,8.3,,-0.8,,2025-03-03 07:00:00+00:00,BURL1
537,70.0,9.8,9.8,,,,,1019.5,14.3,,8.2,,-1.0,,2025-03-03 06:00:00+00:00,BURL1
538,70.0,9.3,9.8,,,,,1019.8,14.0,,8.1,,0.0,,2025-03-03 05:00:00+00:00,BURL1
539,70.0,8.2,8.2,,,,,1020.3,13.6,,7.6,,0.8,,2025-03-03 04:00:00+00:00,BURL1
540,60.0,7.2,7.2,,,,,1020.5,12.7,,7.1,,0.6,,2025-03-03 03:00:00+00:00,BURL1
541,60.0,7.2,7.2,,,,,1019.8,12.8,,6.4,,-0.7,,2025-03-03 02:00:00+00:00,BURL1
542,60.0,7.2,7.2,,,,,1019.5,12.5,,6.7,,-1.0,,2025-03-03 01:00:00+00:00,BURL1
543,50.0,6.7,6.7,,,,,1019.9,12.7,,6.2,,-1.1,,2025-03-03 00:00:00+00:00,BURL1
544,50.0,5.7,5.7,,,,,1020.5,13.0,,6.7,,-0.6,,2025-03-02 23:00:00+00:00,BURL1
545,40.0,8.2,8.2,,,,,1020.5,12.5,,6.8,,-0.9,,2025-03-02 22:00:00+00:00,BURL1
546,50.0,8.2,8.8,,,,,1021.0,12.6,,6.7,,-1.4,,2025-03-02 21:00:00+00:00,BURL1
547,40.0,9.3,9.8,,,,,1021.1,12.5,,6.6,,-1.9,,2025-03-02 20:00:00+00:00,BURL1
548,50.0,8.2,8.2,,,,,1021.4,12.4,,6.7,,-1.5,,2025-03-02 19:00:00+00:00,BURL1
549,40.0,8.8,9.3,,,,,1022.4,12.6,,6.8,,0.0,,2025-03-02 18:00:00+00:00,BURL1
550,50.0,9.3,9.8,,,,,1023.0,12.6,,6.9,,1.1,,2025-03-02 17:00:00+00:00,BURL1
551,40.0,10.3,10.8,,,,,1022.9,12.5,,6.3,,1.7,,2025-03-02 16:00:00+00:00,BURL1
552,40.0,10.3,10.8,,,,,1022.6,12.6,,6.1,,2.3,,2025-03-02 15:00:00+00:00,BURL1
553,40.0,8.2,9.3,,,,,1021.9,12.2,,5.9,,2.0,,2025-03-02 14:00:00+00:00,BURL1
554,30.0,6.7,7.2,,,,,1021.2,11.7,,5.8,,1.9,,2025-03-02 13:00:00+00:00,BURL1
555,20.0,8.8,9.3,,,,,1020.3,12.2,,5.0,,1.2,,2025-03-02 12:00:00+00:00,BURL1
556,20.0,9.8,10.3,,,,,1019.9,12.5,,5.3,,1.1,,2025-03-02 11:00:00+00:00,BURL1
557,10.0,10.3,11.3,,,,,1019.3,12.8,,5.3,,0.5,,2025-03-02 10:00:00+00:00,BURL1
558,20.0,8.8,9.3,,,,,1019.1,13.9,,7.0,,0.6,,2025-03-02 09:00:00+00:00,BURL1
559,20.0,9.8,10.3,,,,,1018.8,13.6,,7.8,,0.4,,2025-03-02 08:00:00+00:00,BURL1
560,10.0,10.3,10.8,,,,,1018.8,15.2,,,,0.8,,2025-03-02 07:00:00+00:00,BURL1
561,340.0,6.2,6.2,,,,,1018.5,16.4,,16.0,,1.4,,2025-03-02 06:00:00+00:00,BURL1
562,310.0,6.7,6.7,,,,,1018.4,17.6,,13.3,,1.6,,2025-03-02 05:00:00+00:00,BURL1
563,290.0,4.1,4.1,,,,,1018.0,17.3,,,,1.6,,2025-03-02 04:00:00+00:00,BURL1
564,220.0,4.1,4.6,,,,,1017.1,18.4,,9.3,,1.3,,2025-03-02 03:00:00+00:00,BURL1
565,200.0,3.1,3.1,,,,,1016.8,18.4,,9.9,,1.4,,2025-03-02 02:00:00+00:00,BURL1
566,210.0,1.5,1.5,,,,,1016.4,18.3,,11.0,,0.9,,2025-03-02 01:00:00+00:00,BURL1
567,190.0,2.6,2.6,,,,,1015.8,18.0,,14.9,,-0.0,,2025-03-02 00:00:00+00:00,BURL1
568,170.0,1.0,1.0,,,,,1015.4,18.5,,14.8,,-0.5,,2025-03-01 23:00:00+00:00,BURL1
569,340.0,1.5,1.5,,,,,1015.5,21.5,,14.3,,-1.3,,2025-03-01 22:00:00+00:00,BURL1
570,340.0,2.6,3.1,,,,,1015.6,19.6,,13.1,,-1.6,,2025-03-01 21:00:00+00:00,BURL1
571,340.0,2.1,2.1,,,,,1015.9,19.5,,14.0,,-1.7,,2025-03-01 20:00:00+00:00,BURL1
572,360.0,4.1,4.1,,,,,1016.8,18.3,,14.1,,-0.9,,2025-03-01 19:00:00+00:00,BURL1
573,360.0,4.6,4.6,,,,,1017.2,18.1,,13.2,,-0.4,,2025-03-01 18:00:00+00:00,BURL1
574,10.0,3.1,3.1,,,,,1017.6,17.6,,14.2,,0.4,,2025-03-01 17:00:00+00:00,BURL1
575,30.0,3.1,3.6,,,,,1017.7,16.9,,15.0,,1.2,,2025-03-01 16:00:00+00:00,BURL1
576,30.0,4.6,4.6,,,,,1017.6,17.3,,15.7,,1.6,,2025-03-01 15:00:00+00:00,BURL1
577,20.0,6.2,6.7,,,,,1017.2,15.2,,15.2,,1.7,,2025-03-01 14:00:00+00:00,BURL1
578,20.0,6.2,6.2,,,,,1016.5,15.7,,15.7,,1.2,,2025-03-01 13:00:00+00:00,BURL1
579,10.0,6.2,6.2,,,,,1016.0,16.3,,16.3,,0.5,,2025-03-01 12:00:00+00:00,BURL1
580,350.0,7.2,7.2,,,,,1015.5,16.9,,16.9,,-0.3,,2025-03-01 11:00:00+00:00,BURL1
581,320.0,4.6,5.1,,,,,1015.3,16.9,,16.9,,-0.4,,2025-03-01 10:00:00+00:00,BURL1
582,260.0,4.6,4.6,,,,,1015.5,19.4,,16.6,,-0.3,,2025-03-01 09:00:00+00:00,BURL1
583,250.0,5.1,5.1,,,,,1015.8,18.2,,17.1,,-0.4,,2025-03-01 08:00:00+00:00,BURL1
584,220.0,5.1,5.7,,,,,1015.7,19.1,,17.8,,-1.2,,2025-03-01 07:00:00+00:00,BURL1
585,200.0,5.7,6.2,,,,,1015.8,19.1,,17.9,,-1.5,,2025-03-01 06:00:00+00:00,BURL1
586,210.0,5.1,5.1,,,,,1016.2,19.5,,17.5,,-1.4,,2025-03-01 05:00:00+00:00,BURL1
587,200.0,5.1,5.1,,,,,1016.9,19.4,,17.6,,0.0,,2025-03-01 04:00:00+00:00,BURL1
588,210.0,2.6,2.6,,,,,1017.3,19.9,,17.0,,0.3,,2025-03-01 03:00:00+00:00,BURL1
589,200.0,5.1,5.1,,,,,1017.6,18.9,,16.6,,0.7,,2025-03-01 02:00:00+00:00,BURL1
590,180.0,3.6,4.1,,,,,1017.1,19.5,,16.2,,-0.0,,2025-03-01 01:00:00+00:00,BURL1
591,160.0,4.1,4.1,,,,,1017.0,20.0,,15.4,,-0.6,,2025-03-01 00:00:00+00:00,BURL1
592,160.0,4.1,4.1,,,,,1016.9,20.2,,14.8,,-1.5,,2025-02-28 23:00:00+00:00,BURL1
593,160.0,3.6,4.1,,,,,1017.3,20.1,,14.1,,-1.7,,2025-02-28 22:00:00+00:00,BURL1
594,140.0,4.6,4.6,,,,,1017.6,19.2,,14.3,,-2.3,,2025-02-28 21:00:00+00:00,BURL1
595,130.0,3.6,4.1,,,,,1018.4,17.6,,13.7,,-2.2,,2025-02-28 20:00:00+00:00,BURL1
596,100.0,4.6,4.6,,,,,1019.0,17.1,,12.2,,-2.1,,2025-02-28 19:00:00+00:00,BURL1
597,80.0,5.7,5.7,,,,,1019.9,16.0,,11.0,,-1.2,,2025-02-28 18:00:00+00:00,BURL1
598,70.0,7.2,7.2,,,,,1020.6,15.6,,10.9,,0.0,,2025-02-28 17:00:00+00:00,BURL1
599,60.0,7.7,7.7,,,,,1021.1,14.8,,10.8,,0.9,,2025-02-28 16:00:00+00:00,BURL1
600,50.0,8.2,8.2,,,,,1021.1,13.5,,10.1,,1.0,,2025-02-28 15:00:00+00:00,BURL1
601,40.0,9.3,9.3,,,,,1020.6,13.5,,9.8,,0.4,,2025-02-28 14:00:00+00:00,BURL1
602,40.0,8.2,8.2,,,,,1020.2,13.5,,9.3,,0.0,,2025-02-28 13:00:00+00:00,BURL1
603,30.0,8.2,8.8,,,,,1020.1,12.9,,9.7,,0.3,,2025-02-28 12:00:00+00:00,BURL1
604,20.0,7.7,7.7,,,,,1020.2,13.3,,9.8,,0.8,,2025-02-28 11:00:00+00:00,BURL1
605,20.0,7.2,7.2,,,,,1020.0,13.9,,9.7,,0.3,,2025-02-28 10:00:00+00:00,BURL1
606,10.0,7.7,8.2,,,,,1019.8,14.6,,10.4,,-0.0,,2025-02-28 09:00:00+00:00,BURL1
607,10.0,8.8,9.8,,,,,1019.4,17.2,,13.8,,-0.6,,2025-02-28 08:00:00+00:00,BURL1
608,360.0,5.7,5.7,,,,,1019.7,17.7,,17.1,,-0.3,,2025-02-28 07:00:00+00:00,BURL1
609,360.0,4.1,4.1,,,,,1019.6,17.0,,17.0,,-0.6,,2025-02-28 06:00:00+00:00,BURL1
610,10.0,2.6,2.6,,,,,1020.0,17.9,,17.9,,0.3,,2025-02-28 05:00:00+00:00,BURL1
611,360.0,3.1,3.1,,,,,1020.0,18.1,,18.1,,0.7,,2025-02-28 04:00:00+00:00,BURL1
612,320.0,3.1,3.1,,,,,1020.2,18.5,,17.8,,1.5,,2025-02-28 03:00:00+00:00,BURL1
613,280.0,2.6,3.1,,,,,1019.7,20.2,,17.4,,1.2,,2025-02-28 02:00:00+00:00,BURL1
614,280.0,3.6,3.6,,,,,1019.3,19.0,,18.1,,0.8,,2025-02-28 01:00:00+00:00,BURL1
615,260.0,2.1,2.6,,,,,1018.7,20.0,,17.8,,-0.0,,2025-02-28 00:00:00+00:00,BURL1
616,260.0,2.6,2.6,,,,,1018.5,20.1,,18.2,,0.0,,2025-02-27 23:00:00+00:00,BURL1
617,260.0,2.1,2.1,,,,,1018.5,20.0,,17.9,,-0.8,,2025-02-27 22:00:00+00:00,BURL1
618,240.0,2.6,2.6,,,,,1018.8,20.5,,17.9,,-1.3,,2025-02-27 21:00:00+00:00,BURL1
619,210.0,3.1,3.1,,,,,1018.6,21.1,,16.9,,-2.0,,2025-02-27 20:00:00+00:00,BURL1
620,200.0,2.6,2.6,,,,,1019.3,20.8,,16.7,,-1.3,,2025-02-27 19:00:00+00:00,BURL1
621,180.0,2.1,2.1,,,,,1020.1,20.3,,17.7,,0.0,,2025-02-27 18:00:00+00:00,BURL1
622,160.0,2.1,2.1,,,,,1020.6,19.5,,17.2,,0.9,,2025-02-27 17:00:00+00:00,BURL1
623,150.0,2.6,2.6,,,,,1020.6,19.0,,16.1,,1.5,,2025-02-27 16:00:00+00:00,BURL1
624,150.0,2.6,2.6,,,,,1020.3,18.7,,16.0,,2.0,,2025-02-27 15:00:00+00:00,BURL1
625,130.0,1.5,1.5,,,,,1019.7,19.3,,16.0,,2.0,,2025-02-27 14:00:00+00:00,BURL1
626,110.0,2.1,2.1,,,,,1019.1,19.0,,16.2,,2.0,,2025-02-27 13:00:00+00:00,BURL1
627,50.0,2.1,2.1,,,,,1018.3,18.2,,16.7,,1.2,,2025-02-27 12:00:00+00:00,BURL1
628,120.0,2.1,2.1,,,,,1017.7,18.0,,16.9,,0.5,,2025-02-27 11:00:00+00:00,BURL1
629,150.0,2.1,2.1,,,,,1017.1,18.8,,17.1,,-0.5,,2025-02-27 10:00:00+00:00,BURL1
630,160.0,2.6,2.6,,,,,1017.1,19.6,,16.9,,-0.5,,2025-02-27 09:00:00+00:00,BURL1
631,170.0,3.6,3.6,,,,,1017.2,20.2,,16.9,,-0.4,,2025-02-27 08:00:00+00:00,BURL1
632,170.0,3.6,4.1,,,,,1017.6,20.1,,16.9,,0.0,,2025-02-27 07:00:00+00:00,BURL1
633,170.0,5.1,5.7,,,,,1017.6,20.0,,16.7,,0.3,,2025-02-27 06:00:00+00:00,BURL1
634,160.0,5.7,6.2,,,,,1017.6,19.7,,16.8,,0.6,,2025-02-27 05:00:00+00:00,BURL1
635,150.0,6.2,6.2,,,,,1017.4,20.1,,17.2,,0.9,,2025-02-27 04:00:00+00:00,BURL1
636,150.0,6.7,6.7,,,,,1017.3,20.0,,17.2,,0.9,,2025-02-27 03:00:00+00:00,BURL1
637,150.0,5.7,6.2,,,,,1017.0,19.6,,17.0,,0.6,,2025-02-27 02:00:00+00:00,BURL1
638,150.0,4.1,4.6,,,,,1016.5,18.2,,16.8,,-0.3,,2025-02-27 01:00:00+00:00,BURL1
639,100.0,4.6,4.6,,,,,1016.4,16.8,,15.9,,-0.6,,2025-02-27 00:00:00+00:00,BURL1
640,90.0,5.1,5.1,,,,,1016.4,16.9,,16.1,,-0.6,,2025-02-26 23:00:00+00:00,BURL1
641,90.0,5.7,5.7,,,,,1016.8,16.6,,15.1,,-0.6,,2025-02-26 22:00:00+00:00,BURL1
642,80.0,5.1,5.1,,,,,1017.0,16.3,,15.1,,-1.2,,2025-02-26 21:00:00+00:00,BURL1
643,80.0,4.6,5.1,,,,,1017.0,16.0,,15.1,,-1.4,,2025-02-26 20:00:00+00:00,BURL1
644,70.0,4.1,4.1,,,,,1017.4,15.3,,14.0,,-1.0,,2025-02-26 19:00:00+00:00,BURL1
645,70.0,3.6,3.6,,,,,1018.2,14.7,,11.9,,0.0,,2025-02-26 18:00:00+00:00,BURL1
646,80.0,4.1,4.1,,,,,1018.4,14.1,,11.6,,0.6,,2025-02-26 17:00:00+00:00,BURL1
647,60.0,4.1,4.1,,,,,1018.4,13.2,,11.3,,1.1,,2025-02-26 16:00:00+00:00,BURL1
648,60.0,4.6,4.6,,,,,1018.3,11.2,,11.2,,1.4,,2025-02-26 15:00:00+00:00,BURL1
649,40.0,3.6,3.6,,,,,1017.8,13.3,,13.3,,,,2025-02-26 14:00:00+00:00,BURL1
650,10.0,3.1,3.1,,,,,1017.3,13.1,,13.1,,,,2025-02-26 13:00:00+00:00,BURL1
651,350.0,3.1,3.6,,,,,1016.9,13.2,,13.2,,1.0,,2025-02-26 12:00:00+00:00,BURL1
652,330.0,3.6,3.6,,,,,1016.1,14.2,,14.2,,0.0,,2025-02-26 11:00:00+00:00,BURL1
653,320.0,2.6,3.1,,,,,1015.9,13.6,,13.6,,-0.6,,2025-02-26 10:00:00+00:00,BURL1
654,280.0,2.6,3.1,,,,,1015.9,14.5,,14.5,,-1.1,,2025-02-26 09:00:00+00:00,BURL1
655,280.0,3.1,3.1,,,,,1016.1,15.0,,15.0,,-1.0,,2025-02-26 08:00:00+00:00,BURL1
656,260.0,3.1,3.1,,,,,1016.5,15.4,,14.8,,-0.8,,2025-02-26 07:00:00+00:00,BURL1
657,250.0,3.6,3.6,,,,,1017.0,15.9,,14.5,,0.0,,2025-02-26 06:00:00+00:00,BURL1
658,240.0,4.1,4.1,,,,,1017.1,16.1,,13.9,,0.4,,2025-02-26 05:00:00+00:00,BURL1
659,280.0,3.6,3.6,,,,,1017.3,15.9,,14.4,,1.2,,2025-02-26 04:00:00+00:00,BURL1
660,260.0,3.6,4.1,,,,,1017.2,15.5,,14.3,,1.5,,2025-02-26 03:00:00+00:00,BURL1
661,250.0,2.6,2.6,,,,,1016.7,15.8,,14.3,,1.2,,2025-02-26 02:00:00+00:00,BURL1
662,240.0,3.1,3.6,,,,,1016.1,15.3,,14.9,,1.0,,2025-02-26 01:00:00+00:00,BURL1
663,270.0,2.6,2.6,,,,,1015.7,15.6,,14.9,,-0.0,,2025-02-26 00:00:00+00:00,BURL1
664,280.0,3.1,3.6,,,,,1015.5,16.4,,14.6,,-0.5,,2025-02-25 23:00:00+00:00,BURL1
665,310.0,2.6,2.6,,,,,1015.1,17.4,,14.2,,-1.5,,2025-02-25 22:00:00+00:00,BURL1
666,330.0,2.6,3.1,,,,,1015.5,17.3,,13.8,,-2.1,,2025-02-25 21:00:00+00:00,BURL1
667,330.0,3.1,3.6,,,,,1016.0,16.5,,13.9,,-2.2,,2025-02-25 20:00:00+00:00,BURL1
668,350.0,3.6,3.6,,,,,1016.6,16.0,,13.7,,-1.9,,2025-02-25 19:00:00+00:00,BURL1
669,340.0,3.1,3.1,,,,,1017.6,14.9,,13.2,,-0.5,,2025-02-25 18:00:00+00:00,BURL1
670,350.0,4.1,4.1,,,,,1018.2,14.4,,12.6,,0.9,,2025-02-25 17:00:00+00:00,BURL1
671,360.0,4.6,4.6,,,,,1018.5,13.6,,12.6,,1.8,,2025-02-25 16:00:00+00:00,BURL1
672,360.0,5.1,5.7,,,,,1018.1,13.0,,12.2,,1.9,,2025-02-25 15:00:00+00:00,BURL1
673,350.0,6.7,7.2,,,,,1017.3,12.5,,12.5,,1.7,,2025-02-25 14:00:00+00:00,BURL1
674,330.0,5.1,5.1,,,,,1016.7,13.9,,13.9,,1.8,,2025-02-25 13:00:00+00:00,BURL1
675,330.0,4.1,4.1,,,,,1016.2,13.6,,13.6,,1.3,,2025-02-25 12:00:00+00:00,BURL1
676,340.0,5.1,5.7,,,,,1015.6,13.2,,13.2,,0.8,,2025-02-25 11:00:00+00:00,BURL1
677,350.0,7.7,7.7,,,,,1014.9,13.1,,13.1,,-0.4,,2025-02-25 10:00:00+00:00,BURL1
678,340.0,8.8,8.8,,,,,1014.9,13.0,,13.0,,-1.0,,2025-02-25 09:00:00+00:00,BURL1
679,350.0,7.2,7.7,,,,,1014.8,12.7,,12.7,,-1.2,,2025-02-25 08:00:00+00:00,BURL1
680,360.0,7.2,7.7,,,,,1015.3,13.1,,13.1,,-1.6,,2025-02-25 07:00:00+00:00,BURL1
681,360.0,8.2,8.2,,,,,1015.9,13.0,,13.0,,-0.6,,2025-02-25 06:00:00+00:00,BURL1
682,20.0,8.8,9.3,,,,,1016.0,13.6,,13.6,,0.0,,2025-02-25 05:00:00+00:00,BURL1
683,10.0,7.7,8.2,,,,,1016.9,13.4,,13.4,,2.3,,2025-02-25 04:00:00+00:00,BURL1
684,360.0,7.2,7.2,,,,,1016.5,13.2,,13.2,,2.6,,2025-02-25 03:00:00+00:00,BURL1
685,10.0,7.2,7.7,,,,,1015.9,13.0,,13.0,,2.5,,2025-02-25 02:00:00+00:00,BURL1
686,20.0,7.2,7.7,,,,,1014.6,13.8,,13.8,,1.5,,2025-02-25 01:00:00+00:00,BURL1
687,30.0,9.8,9.8,,,,,1013.9,13.7,,13.7,,0.8,,2025-02-25 00:00:00+00:00,BURL1
688,30.0,10.8,11.3,,,,,1013.4,14.3,,13.9,,-0.0,,2025-02-24 23:00:00+00:00,BURL1
689,20.0,14.4,15.4,,,,,1013.1,14.0,,14.0,,0.0,,2025-02-24 22:00:00+00:00,BURL1
690,30.0,11.8,12.9,,,,,1013.1,13.6,,13.6,,-0.6,,2025-02-24 21:00:00+00:00,BURL1
691,20.0,10.8,12.4,,,,,1013.4,14.9,,14.9,,-0.5,,2025-02-24 20:00:00+00:00,BURL1
692,30.0,12.4,13.4,,,,,1013.3,14.5,,14.5,,-0.6,,2025-02-24 19:00:00+00:00,BURL1
693,30.0,11.8,12.9,,,,,1013.7,14.8,,14.8,,0.0,,2025-02-24 18:00:00+00:00,BURL1
694,30.0,10.8,11.8,,,,,1013.9,14.6,,14.6,,0.5,,2025-02-24 17:00:00+00:00,BURL1
695,30.0,9.8,10.3,,,,,1013.9,14.3,,14.2,,1.3,,2025-02-24 16:00:00+00:00,BURL1
696,40.0,9.8,10.3,,,,,1013.5,15.7,,15.6,,1.4,,2025-02-24 15:00:00+00:00,BURL1
697,60.0,6.7,7.7,,,,,1013.4,15.2,,14.9,,1.5,,2025-02-24 14:00:00+00:00,BURL1
698,90.0,11.3,11.3,,,,,1012.6,17.8,,16.8,,0.4,,2025-02-24 13:00:00+00:00,BURL1
699,110.0,11.8,12.4,,,,,1012.1,18.3,,17.2,,0.4,,2025-02-24 12:00:00+00:00,BURL1
700,110.0,11.8,12.4,,,,,1011.9,18.4,,17.2,,-0.8,,2025-02-24 11:00:00+00:00,BURL1
701,90.0,8.8,9.3,,,,,1012.2,17.6,,16.9,,-0.7,,2025-02-24 10:00:00+00:00,BURL1
702,110.0,13.9,14.9,,,,,1011.7,17.9,,17.1,,-2.8,,2025-02-24 09:00:00+00:00,BURL1
703,110.0,11.3,12.4,,,,,1012.7,17.7,,17.6,,-1.8,,2025-02-24 08:00:00+00:00,BURL1
704,90.0,13.9,14.9,,,,,1012.9,16.5,,16.5,,-2.9,,2025-02-24 07:00:00+00:00,BURL1
705,80.0,11.3,11.8,,,,,1014.5,15.8,,15.4,,-1.6,,2025-02-24 06:00:00+00:00,BURL1
706,90.0,13.9,14.9,,,,,1014.5,15.8,,15.1,,-1.3,,2025-02-24 05:00:00+00:00,BURL1
707,70.0,12.4,12.9,,,,,1015.8,14.3,,14.3,,1.4,,2025-02-24 04:00:00+00:00,BURL1
708,80.0,11.8,12.4,,,,,1016.1,15.6,,15.6,,0.4,,2025-02-24 03:00:00+00:00,BURL1
709,80.0,11.3,11.8,,,,,1015.8,15.7,,15.7,,2.0,,2025-02-24 02:00:00+00:00,BURL1
710,60.0,14.9,16.5,,,,,1014.4,14.3,,14.3,,0.0,,2025-02-24 01:00:00+00:00,BURL1
711,40.0,7.7,9.3,,,,,1015.7,14.4,,14.4,,0.7,,2025-02-24 00:00:00+00:00,BURL1
712,110.0,12.4,13.4,,,,,1013.8,17.4,,16.6,,-3.3,,2025-02-23 23:00:00+00:00,BURL1
713,120.0,14.4,16.0,,,,,1014.4,18.4,,16.1,,-4.2,,2025-02-23 22:00:00+00:00,BURL1
714,120.0,14.4,15.4,,,,,1015.0,18.0,,16.3,,-4.9,,2025-02-23 21:00:00+00:00,BURL1
715,130.0,13.4,14.4,,,,,1017.1,17.9,,16.6,,-5.6,,2025-02-23 20:00:00+00:00,BURL1
716,120.0,11.3,13.9,,,,,1018.6,16.5,,16.3,,-4.0,,2025-02-23 19:00:00+00:00,BURL1
717,110.0,12.4,12.4,,,,,1019.9,14.5,,14.5,,-2.2,,2025-02-23 18:00:00+00:00,BURL1
718,90.0,6.2,6.7,,,,,1022.7,14.5,,14.3,,-0.0,,2025-02-23 17:00:00+00:00,BURL1
719,80.0,6.2,6.7,,,,,1022.6,13.8,,13.5,,0.4,,2025-02-23 16:00:00+00:00,BURL1
720,90.0,8.8,8.8,,,,,1022.1,13.5,,13.4,,-1.0,,2025-02-23 15:00:00+00:00,BURL1
721,70.0,6.7,7.2,,,,,1022.8,12.6,,12.3,,-0.0,,2025-02-23 14:00:00+00:00,BURL1
722,60.0,10.3,10.3,,,,,1022.2,12.7,,11.7,,-0.5,,2025-02-23 13:00:00+00:00,BURL1
723,50.0,8.8,8.8,,,,,1023.1,12.1,,10.7,,0.0,,2025-02-23 12:00:00+00:00,BURL1
724,50.0,7.7,8.2,,,,,1023.0,12.4,,10.6,,-0.7,,2025-02-23 11:00:00+00:00,BURL1
725,50.0,9.8,10.3,,,,,1022.7,13.3,,10.2,,-1.8,,2025-02-23 10:00:00+00:00,BURL1
726,40.0,7.2,7.7,,,,,1022.9,12.4,,10.1,,-2.9,,2025-02-23 09:00:00+00:00,BURL1
727,40.0,7.2,7.7,,,,,1023.7,12.9,,10.2,,-2.2,,2025-02-23 08:00:00+00:00,BURL1
728,40.0,8.2,8.8,,,,,1024.5,12.7,,10.0,,-1.8,,2025-02-23 07:00:00+00:00,BURL1
729,10.0,6.2,6.7,,,,,1025.8,13.0,,11.3,,-0.6,,2025-02-23 06:00:00+00:00,BURL1
730,20.0,8.2,8.2,,,,,1025.9,12.3,,10.3,,0.0,,2025-02-23 05:00:00+00:00,BURL1
731,30.0,6.2,6.7,,,,,1026.3,12.6,,10.5,,0.0,,2025-02-23 04:00:00+00:00,BURL1
732,40.0,6.7,7.2,,,,,1026.4,13.3,,10.2,,0.3,,2025-02-23 03:00:00+00:00,BURL1
733,30.0,7.2,7.7,,,,,1026.0,12.6,,11.0,,0.0,,2025-02-23 02:00:00+00:00,BURL1
734,30.0,7.7,8.2,,,,,1026.1,12.5,,11.1,,0.0,,2025-02-23 01:00:00+00:00,BURL1
735,30.0,8.8,9.3,,,,,1026.1,12.4,,10.6,,-0.8,,2025-02-23 00:00:00+00:00,BURL1
736,40.0,9.3,9.3,,,,,1026.0,13.1,,10.8,,-1.3,,2025-02-22 23:00:00+00:00,BURL1
737,40.0,9.8,10.3,,,,,1026.2,13.1,,10.5,,-2.1,,2025-02-22 22:00:00+00:00,BURL1
738,30.0,7.2,7.2,,,,,1026.9,13.3,,10.4,,-2.2,,2025-02-22 21:00:00+00:00,BURL1
739,30.0,7.2,8.2,,,,,1027.3,12.4,,9.9,,-2.5,,2025-02-22 20:00:00+00:00,BURL1
740,40.0,5.7,6.7,,,,,1028.3,13.0,,10.2,,-1.7,,2025-02-22 19:00:00+00:00,BURL1
741,20.0,6.7,7.2,,,,,1029.1,12.3,,9.2,,-1.0,,2025-02-22 18:00:00+00:00,BURL1
742,20.0,7.2,7.2,,,,,1029.8,12.0,,8.4,,0.4,,2025-02-22 17:00:00+00:00,BURL1
743,20.0,8.2,8.8,,,,,1030.0,11.4,,8.3,,1.5,,2025-02-22 16:00:00+00:00,BURL1
744,360.0,8.2,8.8,,,,,1030.1,12.2,,8.9,,1.8,,2025-02-22 15:00:00+00:00,BURL1
745,10.0,6.7,6.7,,,,,1029.4,11.8,,8.0,,1.7,,2025-02-22 14:00:00+00:00,BURL1
746,30.0,6.7,7.2,,,,,1028.5,11.0,,6.3,,0.3,,2025-02-22 13:00:00+00:00,BURL1
747,20.0,6.7,7.2,,,,,1028.3,11.0,,5.8,,-0.0,,2025-02-22 12:00:00+00:00,BURL1
748,30.0,7.2,7.2,,,,,1027.7,10.6,,5.2,,-1.0,,2025-02-22 11:00:00+00:00,BURL1
749,20.0,6.2,6.7,,,,,1028.2,10.9,,4.2,,-1.9,,2025-02-22 10:00:00+00:00,BURL1
750,20.0,6.2,6.7,,,,,1028.2,9.8,,4.9,,-2.0,,2025-02-22 09:00:00+00:00,BURL1
751,20.0,7.2,7.7,,,,,1028.7,9.3,,5.2,,-2.8,,2025-02-22 08:00:00+00:00,BURL1
752,30.0,6.7,6.7,,,,,1030.1,9.2,,4.1,,-1.5,,2025-02-22 07:00:00+00:00,BURL1
753,30.0,7.2,7.7,,,,,1030.2,9.4,,3.4,,-1.6,,2025-02-22 06:00:00+00:00,BURL1
754,20.0,6.7,7.7,,,,,1031.5,10.0,,2.2,,0.0,,2025-02-22 05:00:00+00:00,BURL1
755,30.0,5.7,6.2,,,,,1031.6,8.6,,3.8,,0.0,,2025-02-22 04:00:00+00:00,BURL1
756,20.0,5.7,6.2,,,,,1031.8,8.2,,3.0,,0.9,,2025-02-22 03:00:00+00:00,BURL1
757,30.0,6.2,6.7,,,,,1031.5,7.8,,2.9,,1.4,,2025-02-22 02:00:00+00:00,BURL1
758,20.0,5.7,6.2,,,,,1031.4,7.6,,2.7,,1.1,,2025-02-22 01:00:00+00:00,BURL1
759,30.0,8.8,9.3,,,,,1030.9,7.5,,3.1,,-0.0,,2025-02-22 00:00:00+00:00,BURL1
760,30.0,9.3,10.3,,,,,1030.1,7.5,,3.4,,-0.7,,2025-02-21 23:00:00+00:00,BURL1
761,20.0,9.3,9.8,,,,,1030.3,7.5,,3.5,,-0.7,,2025-02-21 22:00:00+00:00,BURL1
762,20.0,7.7,8.2,,,,,1031.0,7.7,,3.4,,-0.8,,2025-02-21 21:00:00+00:00,BURL1
763,40.0,6.7,8.2,,,,,1030.8,8.1,,3.7,,-1.4,,2025-02-21 20:00:00+00:00,BURL1
764,30.0,8.8,9.8,,,,,1031.0,7.6,,3.1,,-1.6,,2025-02-21 19:00:00+00:00,BURL1
765,40.0,8.8,9.8,,,,,1031.8,7.6,,3.4,,-1.0,,2025-02-21 18:00:00+00:00,BURL1
766,30.0,10.3,12.4,,,,,1032.2,7.1,,2.6,,0.0,,2025-02-21 17:00:00+00:00,BURL1
767,30.0,11.3,12.9,,,,,1032.6,7.1,,2.3,,1.1,,2025-02-21 16:00:00+00:00,BURL1
768,20.0,11.3,12.4,,,,,1032.8,6.8,,2.0,,1.3,,2025-02-21 15:00:00+00:00,BURL1
769,30.0,11.3,12.4,,,,,1032.2,6.4,,1.7,,1.4,,2025-02-21 14:00:00+00:00,BURL1
770,20.0,10.3,11.3,,,,,1031.5,5.7,,1.8,,1.4,,2025-02-21 13:00:00+00:00,BURL1
771,20.0,9.8,10.8,,,,,1031.5,5.6,,2.1,,1.8,,2025-02-21 12:00:00+00:00,BURL1
772,10.0,9.8,10.8,,,,,1030.8,5.5,,2.0,,0.8,,2025-02-21 11:00:00+00:00,BURL1
773,20.0,9.8,11.3,,,,,1030.1,5.6,,1.8,,-0.4,,2025-02-21 10:00:00+00:00,BURL1
774,20.0,9.8,10.8,,,,,1029.7,5.7,,1.4,,-0.6,,2025-02-21 09:00:00+00:00,BURL1
775,20.0,10.8,11.3,,,,,1030.0,5.8,,1.1,,-0.3,,2025-02-21 08:00:00+00:00,BURL1
776,10.0,11.3,12.4,,,,,1030.5,6.1,,0.2,,0.4,,2025-02-21 07:00:00+00:00,BURL1
777,10.0,10.3,10.8,,,,,1030.3,6.3,,-0.6,,0.9,,2025-02-21 06:00:00+00:00,BURL1
778,20.0,9.3,10.3,,,,,1030.3,6.7,,-0.7,,1.4,,2025-02-21 05:00:00+00:00,BURL1
779,20.0,10.3,11.3,,,,,1030.1,7.0,,-1.2,,0.7,,2025-02-21 04:00:00+00:00,BURL1
780,20.0,10.3,10.8,,,,,1029.4,7.1,,-0.5,,0.4,,2025-02-21 03:00:00+00:00,BURL1
781,20.0,9.8,10.8,,,,,1028.9,7.1,,-0.7,,0.8,,2025-02-21 02:00:00+00:00,BURL1
782,20.0,8.8,9.3,,,,,1029.4,6.9,,-0.4,,1.9,,2025-02-21 01:00:00+00:00,BURL1
783,20.0,9.3,10.3,,,,,1029.0,6.7,,-0.7,,1.8,,2025-02-21 00:00:00+00:00,BURL1
784,20.0,10.3,11.3,,,,,1028.1,6.5,,-1.6,,0.8,,2025-02-20 23:00:00+00:00,BURL1
785,10.0,10.8,11.3,,,,,1027.5,5.8,,-1.5,,-0.4,,2025-02-20 22:00:00+00:00,BURL1
786,10.0,11.8,12.9,,,,,1027.2,5.2,,-1.1,,-1.6,,2025-02-20 21:00:00+00:00,BURL1
787,10.0,11.3,12.4,,,,,1027.3,4.5,,-0.2,,-1.8,,2025-02-20 20:00:00+00:00,BURL1
788,360.0,10.8,12.9,,,,,1027.9,3.8,,-0.5,,-1.2,,2025-02-20 19:00:00+00:00,BURL1
789,360.0,10.8,11.8,,,,,1028.8,3.5,,0.5,,0.4,,2025-02-20 18:00:00+00:00,BURL1
790,10.0,10.8,12.4,,,,,1029.1,3.3,,0.1,,1.4,,2025-02-20 17:00:00+00:00,BURL1
791,10.0,9.8,11.3,,,,,1029.1,3.3,,0.8,,1.9,,2025-02-20 16:00:00+00:00,BURL1
792,10.0,10.8,12.9,,,,,1028.4,3.3,,1.2,,2.7,,2025-02-20 15:00:00+00:00,BURL1
793,10.0,12.4,13.9,,,,,1027.7,3.5,,2.9,,2.7,,2025-02-20 14:00:00+00:00,BURL1
794,10.0,10.8,11.8,,,,,1027.2,3.9,,3.0,,2.9,,2025-02-20 13:00:00+00:00,BURL1
795,360.0,11.3,12.9,,,,,1025.7,3.9,,3.0,,2.4,,2025-02-20 12:00:00+00:00,BURL1
796,360.0,11.3,13.4,,,,,1025.0,4.1,,3.4,,2.0,,2025-02-20 11:00:00+00:00,BURL1
797,360.0,12.4,12.9,,,,,1024.3,4.6,,3.4,,1.4,,2025-02-20 10:00:00+00:00,BURL1
798,360.0,12.9,14.4,,,,,1023.3,5.1,,4.1,,0.6,,2025-02-20 09:00:00+00:00,BURL1
799,360.0,12.9,14.4,,,,,1023.0,5.4,,4.4,,0.4,,2025-02-20 08:00:00+00:00,BURL1
800,360.0,12.9,14.9,,,,,1022.9,6.2,,5.0,,0.0,,2025-02-20 07:00:00+00:00,BURL1
801,360.0,12.4,12.9,,,,,1022.7,6.7,,5.5,,0.4,,2025-02-20 06:00:00+00:00,BURL1
802,360.0,11.8,12.9,,,,,1022.6,7.1,,5.9,,1.1,,2025-02-20 05:00:00+00:00,BURL1
803,360.0,12.4,13.4,,,,,1022.7,7.5,,6.5,,2.0,,2025-02-20 04:00:00+00:00,BURL1
804,360.0,11.8,12.9,,,,,1022.3,8.9,,7.0,,1.7,,2025-02-20 03:00:00+00:00,BURL1
805,360.0,12.9,14.4,,,,,1021.5,9.5,,7.9,,1.6,,2025-02-20 02:00:00+00:00,BURL1
806,360.0,11.8,12.9,,,,,1020.7,9.9,,8.4,,2.1,,2025-02-20 01:00:00+00:00,BURL1
807,360.0,10.8,11.8,,,,,1020.6,10.0,,8.9,,2.7,,2025-02-20 00:00:00+00:00,BURL1
808,360.0,12.9,13.9,,,,,1019.9,10.8,,9.3,,2.8,,2025-02-19 23:00:00+00:00,BURL1
809,360.0,12.4,13.4,,,,,1018.6,11.4,,10.0,,1.4,,2025-02-19 22:00:00+00:00,BURL1
810,360.0,12.9,13.9,,,,,1017.9,11.7,,10.7,,0.5,,2025-02-19 21:00:00+00:00,BURL1
811,360.0,12.9,13.9,,,,,1017.1,11.8,,11.3,,-0.3,,2025-02-19 20:00:00+00:00,BURL1
812,360.0,12.4,13.4,,,,,1017.2,11.9,,11.4,,0.0,,2025-02-19 19:00:00+00:00,BURL1
813,360.0,14.4,16.5,,,,,1017.4,12.5,,12.1,,0.7,,2025-02-19 18:00:00+00:00,BURL1
814,360.0,14.4,16.0,,,,,1017.4,13.3,,12.7,,2.1,,2025-02-19 17:00:00+00:00,BURL1
815,360.0,13.9,14.4,,,,,1017.2,13.7,,13.4,,3.4,,2025-02-19 16:00:00+00:00,BURL1
816,350.0,10.8,11.8,,,,,1016.7,16.1,,15.1,,5.6,,2025-02-19 15:00:00+00:00,BURL1
817,10.0,8.8,9.3,,,,,1015.3,16.2,,15.0,,3.5,,2025-02-19 14:00:00+00:00,BURL1
818,80.0,10.8,12.4,,,,,1013.8,17.0,,15.5,,4.9,,2025-02-19 13:00:00+00:00,BURL1
819,70.0,17.0,18.5,,,,,1011.1,15.8,,15.0,,1.8,,2025-02-19 12:00:00+00:00,BURL1
820,30.0,14.4,16.5,,,,,1011.8,14.6,,14.6,,0.7,,2025-02-19 11:00:00+00:00,BURL1
821,140.0,16.0,18.5,,,,,1008.9,19.7,,19.3,,-3.6,,2025-02-19 10:00:00+00:00,BURL1
822,120.0,17.5,19.0,,,,,1009.3,19.6,,18.3,,-4.0,,2025-02-19 09:00:00+00:00,BURL1
823,120.0,17.0,19.0,,,,,1011.1,19.4,,17.2,,-3.9,,2025-02-19 08:00:00+00:00,BURL1
824,120.0,16.0,17.5,,,,,1012.5,19.0,,16.5,,-4.0,,2025-02-19 07:00:00+00:00,BURL1
825,110.0,16.5,17.5,,,,,1013.3,17.5,,15.7,,-3.3,,2025-02-19 06:00:00+00:00,BURL1
826,100.0,14.4,14.9,,,,,1015.0,17.4,,14.8,,-2.1,,2025-02-19 05:00:00+00:00,BURL1
827,90.0,11.8,12.9,,,,,1016.5,15.9,,14.8,,-0.5,,2025-02-19 04:00:00+00:00,BURL1
828,110.0,13.9,14.9,,,,,1016.6,16.4,,13.5,,-1.4,,2025-02-19 03:00:00+00:00,BURL1
829,80.0,11.3,11.8,,,,,1017.1,16.8,,14.0,,-1.0,,2025-02-19 02:00:00+00:00,BURL1
830,70.0,10.3,11.3,,,,,1017.0,15.6,,12.3,,-1.2,,2025-02-19 01:00:00+00:00,BURL1
831,70.0,9.3,10.3,,,,,1018.0,15.5,,13.4,,-0.4,,2025-02-19 00:00:00+00:00,BURL1
832,70.0,8.8,9.3,,,,,1018.1,14.9,,12.1,,-0.3,,2025-02-18 23:00:00+00:00,BURL1
833,70.0,10.3,10.8,,,,,1018.2,14.9,,13.2,,-1.5,,2025-02-18 22:00:00+00:00,BURL1
834,70.0,8.2,8.8,,,,,1018.4,15.4,,12.6,,-2.7,,2025-02-18 21:00:00+00:00,BURL1
835,60.0,8.8,9.3,,,,,1018.4,15.0,,12.7,,-3.4,,2025-02-18 20:00:00+00:00,BURL1
836,50.0,9.3,9.3,,,,,1019.7,14.9,,12.0,,-1.9,,2025-02-18 19:00:00+00:00,BURL1
837,40.0,9.8,9.8,,,,,1021.1,15.2,,10.9,,-1.1,,2025-02-18 18:00:00+00:00,BURL1
838,50.0,8.2,8.8,,,,,1021.8,14.9,,11.3,,0.7,,2025-02-18 17:00:00+00:00,BURL1
839,70.0,8.2,8.2,,,,,1021.6,14.2,,10.8,,1.5,,2025-02-18 16:00:00+00:00,BURL1
840,50.0,6.7,6.7,,,,,1022.2,14.1,,11.2,,2.2,,2025-02-18 15:00:00+00:00,BURL1
841,50.0,7.7,7.7,,,,,1021.1,13.3,,11.6,,0.8,,2025-02-18 14:00:00+00:00,BURL1
842,50.0,9.3,9.3,,,,,1020.1,13.0,,11.5,,0.4,,2025-02-18 13:00:00+00:00,BURL1
843,60.0,8.2,8.2,,,,,1020.0,13.2,,11.4,,-0.0,,2025-02-18 12:00:00+00:00,BURL1
844,40.0,6.7,7.2,,,,,1020.3,12.8,,11.3,,-0.0,,2025-02-18 11:00:00+00:00,BURL1
845,50.0,6.2,6.7,,,,,1019.7,13.2,,11.6,,-1.5,,2025-02-18 10:00:00+00:00,BURL1
846,40.0,6.2,6.7,,,,,1020.2,12.7,,10.8,,-0.6,,2025-02-18 09:00:00+00:00,BURL1
847,40.0,6.7,6.7,,,,,1020.4,11.9,,9.6,,-1.2,,2025-02-18 08:00:00+00:00,BURL1
848,40.0,6.7,7.2,,,,,1021.2,11.6,,9.0,,-0.9,,2025-02-18 07:00:00+00:00,BURL1
849,40.0,6.2,7.2,,,,,1020.8,11.8,,9.5,,-1.3,,2025-02-18 06:00:00+00:00,BURL1
850,40.0,6.7,7.2,,,,,1021.6,11.6,,9.1,,-0.7,,2025-02-18 05:00:00+00:00,BURL1
851,40.0,6.7,7.2,,,,,1022.1,10.8,,8.7,,0.3,,2025-02-18 04:00:00+00:00,BURL1
852,30.0,6.7,7.2,,,,,1022.1,10.5,,8.4,,0.4,,2025-02-18 03:00:00+00:00,BURL1
853,30.0,6.2,6.7,,,,,1022.3,10.8,,8.3,,-0.0,,2025-02-18 02:00:00+00:00,BURL1
854,40.0,7.2,7.7,,,,,1021.8,11.6,,8.3,,-0.5,,2025-02-18 01:00:00+00:00,BURL1
855,40.0,7.2,7.7,,,,,1021.7,11.7,,8.1,,-0.9,,2025-02-18 00:00:00+00:00,BURL1
856,30.0,6.2,6.7,,,,,1022.4,12.1,,8.1,,-1.0,,2025-02-17 23:00:00+00:00,BURL1
857,30.0,6.2,6.7,,,,,1022.3,12.2,,8.3,,-1.4,,2025-02-17 22:00:00+00:00,BURL1
858,60.0,4.6,5.1,,,,,1022.6,12.1,,7.5,,-2.0,,2025-02-17 21:00:00+00:00,BURL1
859,40.0,5.1,6.2,,,,,1023.4,11.7,,7.4,,-1.6,,2025-02-17 20:00:00+00:00,BURL1
860,40.0,7.2,7.7,,,,,1023.7,11.6,,7.3,,-1.8,,2025-02-17 19:00:00+00:00,BURL1
861,40.0,6.7,7.2,,,,,1024.6,11.1,,7.1,,-1.1,,2025-02-17 18:00:00+00:00,BURL1
862,30.0,8.8,9.3,,,,,1025.0,10.3,,6.2,,-0.5,,2025-02-17 17:00:00+00:00,BURL1
863,40.0,8.8,9.8,,,,,1025.5,9.8,,5.9,,0.8,,2025-02-17 16:00:00+00:00,BURL1
864,20.0,7.7,8.2,,,,,1025.7,9.0,,5.5,,1.8,,2025-02-17 15:00:00+00:00,BURL1
865,20.0,8.8,9.3,,,,,1025.5,8.5,,5.2,,2.4,,2025-02-17 14:00:00+00:00,BURL1
866,20.0,8.2,9.3,,,,,1024.7,8.2,,5.8,,2.1,,2025-02-17 13:00:00+00:00,BURL1
867,20.0,10.3,10.8,,,,,1023.9,8.2,,5.6,,1.4,,2025-02-17 12:00:00+00:00,BURL1
868,20.0,10.8,11.3,,,,,1023.1,8.5,,5.9,,-0.0,,2025-02-17 11:00:00+00:00,BURL1
869,10.0,10.8,11.8,,,,,1022.6,8.6,,6.0,,-0.5,,2025-02-17 10:00:00+00:00,BURL1
870,10.0,11.8,13.9,,,,,1022.5,8.9,,6.4,,-0.5,,2025-02-17 09:00:00+00:00,BURL1
871,10.0,11.8,13.4,,,,,1023.0,9.0,,5.6,,0.0,,2025-02-17 08:00:00+00:00,BURL1
872,10.0,11.8,12.4,,,,,1023.1,10.2,,6.8,,0.7,,2025-02-17 07:00:00+00:00,BURL1
873,360.0,11.3,13.4,,,,,1023.0,11.4,,7.8,,0.6,,2025-02-17 06:00:00+00:00,BURL1
874,10.0,10.3,12.9,,,,,1023.0,12.1,,7.9,,1.2,,2025-02-17 05:00:00+00:00,BURL1
875,360.0,10.8,11.8,,,,,1022.4,12.5,,8.5,,1.3,,2025-02-17 04:00:00+00:00,BURL1
876,360.0,9.3,9.8,,,,,1022.4,13.2,,8.1,,2.5,,2025-02-17 03:00:00+00:00,BURL1
877,360.0,9.8,10.8,,,,,1021.8,13.9,,9.5,,2.9,,2025-02-17 02:00:00+00:00,BURL1
878,360.0,9.8,10.3,,,,,1021.1,14.6,,8.9,,3.0,,2025-02-17 01:00:00+00:00,BURL1
879,10.0,8.8,10.3,,,,,1019.9,15.1,,9.9,,2.8,,2025-02-17 00:00:00+00:00,BURL1
880,350.0,10.3,11.3,,,,,1018.9,16.4,,10.3,,2.3,,2025-02-16 23:00:00+00:00,BURL1
881,350.0,9.8,10.8,,,,,1018.1,16.7,,10.1,,1.6,,2025-02-16 22:00:00+00:00,BURL1
882,350.0,10.3,11.8,,,,,1017.1,16.9,,10.6,,0.7,,2025-02-16 21:00:00+00:00,BURL1
883,350.0,9.8,10.8,,,,,1016.6,16.6,,11.2,,0.3,,2025-02-16 20:00:00+00:00,BURL1
884,340.0,9.8,10.8,,,,,1016.5,17.6,,11.8,,0.4,,2025-02-16 19:00:00+00:00,BURL1
885,340.0,8.8,9.8,,,,,1016.4,18.1,,14.1,,0.6,,2025-02-16 18:00:00+00:00,BURL1
886,350.0,7.2,7.7,,,,,1016.3,17.9,,14.2,,1.2,,2025-02-16 17:00:00+00:00,BURL1
887,340.0,8.8,9.8,,,,,1016.1,18.1,,13.9,,2.3,,2025-02-16 16:00:00+00:00,BURL1
888,340.0,10.8,11.8,,,,,1015.8,18.3,,13.7,,3.4,,2025-02-16 15:00:00+00:00,BURL1
889,330.0,9.8,10.8,,,,,1015.1,18.4,,16.0,,3.6,,2025-02-16 14:00:00+00:00,BURL1
890,330.0,12.4,12.9,,,,,1013.8,19.1,,16.4,,4.0,,2025-02-16 13:00:00+00:00,BURL1
891,290.0,10.3,10.8,,,,,1012.4,20.2,,19.3,,2.7,,2025-02-16 12:00:00+00:00,BURL1
892,270.0,10.8,11.8,,,,,1011.5,19.5,,17.3,,1.4,,2025-02-16 11:00:00+00:00,BURL1
893,230.0,13.4,14.9,,,,,1009.8,21.9,,21.3,,-0.3,,2025-02-16 10:00:00+00:00,BURL1
894,230.0,12.9,13.9,,,,,1009.7,22.0,,21.5,,-0.6,,2025-02-16 09:00:00+00:00,BURL1
895,220.0,12.9,12.9,,,,,1010.1,21.5,,21.5,,-1.3,,2025-02-16 08:00:00+00:00,BURL1
896,210.0,11.3,11.8,,,,,1010.1,22.2,,21.6,,-1.1,,2025-02-16 07:00:00+00:00,BURL1
897,190.0,11.8,12.9,,,,,1010.3,22.5,,21.7,,-1.0,,2025-02-16 06:00:00+00:00,BURL1
898,200.0,10.3,10.3,,,,,1011.4,22.2,,21.5,,-0.0,,2025-02-16 05:00:00+00:00,BURL1
899,190.0,10.3,10.8,,,,,1011.2,22.7,,21.8,,-1.0,,2025-02-16 04:00:00+00:00,BURL1
900,180.0,10.8,11.3,,,,,1011.3,22.5,,21.7,,-1.1,,2025-02-16 03:00:00+00:00,BURL1
901,180.0,9.3,9.8,,,,,1011.6,22.4,,21.6,,-1.0,,2025-02-16 02:00:00+00:00,BURL1
902,170.0,8.2,8.2,,,,,1012.2,22.4,,21.5,,-0.7,,2025-02-16 01:00:00+00:00,BURL1
903,170.0,7.2,7.2,,,,,1012.4,22.7,,21.5,,-1.2,,2025-02-16 00:00:00+00:00,BURL1
904,170.0,8.2,8.8,,,,,1012.6,22.7,,21.1,,-1.5,,2025-02-15 23:00:00+00:00,BURL1
905,160.0,7.7,8.2,,,,,1012.9,22.6,,21.6,,-2.3,,2025-02-15 22:00:00+00:00,BURL1
906,160.0,8.2,8.2,,,,,1013.6,22.6,,21.8,,-3.2,,2025-02-15 21:00:00+00:00,BURL1
907,150.0,9.3,10.3,,,,,1014.1,22.7,,21.7,,-3.6,,2025-02-15 20:00:00+00:00,BURL1
908,150.0,9.8,10.3,,,,,1015.2,22.6,,21.8,,-3.2,,2025-02-15 19:00:00+00:00,BURL1
909,150.0,8.8,9.3,,,,,1016.8,22.4,,21.8,,-1.8,,2025-02-15 18:00:00+00:00,BURL1
910,150.0,9.8,10.3,,,,,1017.7,22.3,,21.6,,-0.8,,2025-02-15 17:00:00+00:00,BURL1
911,140.0,10.8,11.8,,,,,1018.4,22.3,,21.4,,-0.3,,2025-02-15 16:00:00+00:00,BURL1
912,140.0,10.8,12.4,,,,,1018.6,22.2,,21.2,,-0.6,,2025-02-15 15:00:00+00:00,BURL1
913,140.0,11.8,12.4,,,,,1018.5,22.2,,21.0,,-0.8,,2025-02-15 14:00:00+00:00,BURL1
914,140.0,10.8,11.8,,,,,1018.7,22.0,,21.4,,-1.0,,2025-02-15 13:00:00+00:00,BURL1
915,140.0,10.3,11.3,,,,,1019.2,21.8,,21.4,,-1.0,,2025-02-15 12:00:00+00:00,BURL1
916,130.0,10.8,11.8,,,,,1019.3,21.7,,21.5,,-1.6,,2025-02-15 11:00:00+00:00,BURL1
917,130.0,10.3,11.3,,,,,1019.7,21.6,,21.4,,-1.7,,2025-02-15 10:00:00+00:00,BURL1
918,130.0,10.8,11.8,,,,,1020.2,21.4,,21.3,,-2.1,,2025-02-15 09:00:00+00:00,BURL1
919,130.0,10.8,11.3,,,,,1020.9,21.4,,21.2,,-2.1,,2025-02-15 08:00:00+00:00,BURL1
920,130.0,11.3,11.8,,,,,1021.4,21.4,,21.2,,-1.8,,2025-02-15 07:00:00+00:00,BURL1
921,120.0,9.8,10.3,,,,,1022.3,21.4,,21.2,,,,2025-02-15 06:00:00+00:00,BURL1
922,120.0,9.8,10.8,,,,,1023.0,21.3,,21.2,,-0.8,,2025-02-15 05:00:00+00:00,BURL1
923,120.0,10.8,11.8,,,,,1023.2,21.3,,21.2,,-0.4,,2025-02-15 04:00:00+00:00,BURL1
924,110.0,10.8,,,,,,,,,,,,,2025-02-15 03:00:00+00:00,BURL1
925,100.0,9.8,10.3,,,,,1023.8,20.9,,20.9,,0.0,,2025-02-15 02:00:00+00:00,BURL1
926,100.0,9.3,9.8,,,,,1023.6,20.4,,20.4,,0.0,,2025-02-15 01:00:00+00:00,BURL1
927,70.0,8.8,8.8,,,,,1023.6,18.7,,18.7,,0.0,,2025-02-15 00:00:00+00:00,BURL1
928,90.0,8.2,8.8,,,,,1023.7,20.4,,20.4,,-0.4,,2025-02-14 23:00:00+00:00,BURL1
929,90.0,8.8,9.3,,,,,1023.8,20.6,,20.0,,-1.4,,2025-02-14 22:00:00+00:00,BURL1
930,90.0,9.3,9.8,,,,,1023.6,20.4,,19.7,,-2.7,,2025-02-14 21:00:00+00:00,BURL1
931,90.0,10.3,10.8,,,,,1024.1,19.7,,18.9,,-3.3,,2025-02-14 20:00:00+00:00,BURL1
932,90.0,10.8,11.8,,,,,1025.2,19.7,,18.4,,-2.9,,2025-02-14 19:00:00+00:00,BURL1
933,90.0,10.8,12.4,,,,,1026.3,19.3,,17.7,,-2.3,,2025-02-14 18:00:00+00:00,BURL1
934,70.0,12.4,13.4,,,,,1027.4,18.5,,17.0,,-1.3,,2025-02-14 17:00:00+00:00,BURL1
935,50.0,10.3,11.3,,,,,1028.1,15.3,,15.3,,0.0,,2025-02-14 16:00:00+00:00,BURL1
936,40.0,10.8,11.3,,,,,1028.6,14.8,,14.8,,0.6,,2025-02-14 15:00:00+00:00,BURL1
937,30.0,10.3,11.3,,,,,1028.7,14.4,,14.4,,1.6,,2025-02-14 14:00:00+00:00,BURL1
938,30.0,10.3,11.8,,,,,1028.3,14.3,,13.7,,1.6,,2025-02-14 13:00:00+00:00,BURL1
939,30.0,9.8,10.8,,,,,1028.0,14.6,,13.1,,1.2,,2025-02-14 12:00:00+00:00,BURL1
940,40.0,9.8,11.3,,,,,1027.1,14.6,,13.0,,-0.0,,2025-02-14 11:00:00+00:00,BURL1
941,40.0,9.8,10.8,,,,,1026.7,14.6,,12.9,,0.0,,2025-02-14 10:00:00+00:00,BURL1
942,30.0,9.8,10.3,,,,,1026.8,14.2,,12.7,,-0.6,,2025-02-14 09:00:00+00:00,BURL1
943,20.0,8.2,8.8,,,,,1026.9,13.6,,12.1,,,,2025-02-14 08:00:00+00:00,BURL1
944,30.0,9.8,10.3,,,,,1026.8,14.0,,12.0,,-1.1,,2025-02-14 07:00:00+00:00,BURL1
945,20.0,9.8,10.3,,,,,1027.4,13.3,,11.0,,0.0,,2025-02-14 06:00:00+00:00,BURL1
946,20.0,10.3,10.8,,,,,1027.9,14.6,,11.1,,1.4,,2025-02-14 04:00:00+00:00,BURL1
947,20.0,9.8,10.8,,,,,1027.3,15.1,,11.4,,1.6,,2025-02-14 03:00:00+00:00,BURL1
948,20.0,10.8,12.4,,,,,1026.5,16.0,,11.2,,1.9,,2025-02-14 02:00:00+00:00,BURL1
949,20.0,7.7,8.8,,,,,1026.5,16.0,,11.3,,3.2,,2025-02-14 01:00:00+00:00,BURL1
950,30.0,9.8,10.3,,,,,1025.7,16.0,,10.7,,2.9,,2025-02-14 00:00:00+00:00,BURL1
951,20.0,9.3,10.3,,,,,1024.6,16.4,,11.1,,2.7,,2025-02-13 23:00:00+00:00,BURL1
952,10.0,11.8,13.4,,,,,1023.3,16.4,,11.0,,1.1,,2025-02-13 22:00:00+00:00,BURL1
953,10.0,12.4,13.4,,,,,1022.8,16.0,,11.3,,-0.0,,2025-02-13 21:00:00+00:00,BURL1
954,10.0,13.4,13.9,,,,,1021.9,15.4,,11.4,,-0.5,,2025-02-13 20:00:00+00:00,BURL1
955,360.0,11.3,11.8,,,,,1022.2,15.3,,11.5,,0.7,,2025-02-13 19:00:00+00:00,BURL1
956,10.0,11.8,12.4,,,,,1022.9,14.9,,11.8,,3.8,,2025-02-13 18:00:00+00:00,BURL1
957,10.0,11.8,12.9,,,,,1022.4,14.6,,13.1,,4.3,,2025-02-13 17:00:00+00:00,BURL1
958,10.0,11.8,12.9,,,,,1021.5,15.6,,14.2,,4.7,,2025-02-13 16:00:00+00:00,BURL1
959,360.0,12.4,13.4,,,,,1019.1,16.1,,15.7,,3.2,,2025-02-13 15:00:00+00:00,BURL1
960,10.0,10.8,11.8,,,,,1018.1,16.7,,16.7,,3.5,,2025-02-13 14:00:00+00:00,BURL1
961,20.0,8.8,9.8,,,,,1016.8,18.2,,18.1,,3.1,,2025-02-13 13:00:00+00:00,BURL1
962,10.0,8.2,8.8,,,,,1015.9,19.0,,18.7,,2.9,,2025-02-13 12:00:00+00:00,BURL1
963,360.0,9.3,9.8,,,,,1014.6,19.6,,19.4,,1.9,,2025-02-13 11:00:00+00:00,BURL1
964,360.0,9.3,9.8,,,,,1013.7,19.9,,19.5,,1.0,,2025-02-13 10:00:00+00:00,BURL1
965,220.0,6.7,7.2,,,,,1013.0,22.7,,22.7,,0.8,,2025-02-13 09:00:00+00:00,BURL1
966,220.0,8.2,8.8,,,,,1012.7,23.1,,22.9,,1.3,,2025-02-13 08:00:00+00:00,BURL1
967,190.0,10.3,11.8,,,,,1012.7,22.0,,21.2,,2.3,,2025-02-13 07:00:00+00:00,BURL1
968,220.0,14.9,16.5,,,,,1012.2,21.7,,21.7,,1.9,,2025-02-13 06:00:00+00:00,BURL1
969,190.0,8.8,9.8,,,,,1011.4,23.5,,22.8,,2.0,,2025-02-13 05:00:00+00:00,BURL1
970,180.0,12.4,12.9,,,,,1010.4,23.1,,22.5,,1.4,,2025-02-13 04:00:00+00:00,BURL1
971,180.0,11.3,11.8,,,,,1010.3,23.3,,22.5,,0.9,,2025-02-13 03:00:00+00:00,BURL1
972,170.0,12.9,13.4,,,,,1009.4,22.9,,22.2,,0.7,,2025-02-13 02:00:00+00:00,BURL1
973,180.0,12.4,13.4,,,,,1009.0,22.5,,22.1,,0.6,,2025-02-13 01:00:00+00:00,BURL1
974,190.0,10.3,10.8,,,,,1009.4,23.4,,22.5,,1.2,,2025-02-13 00:00:00+00:00,BURL1
975,180.0,10.8,10.8,,,,,1008.7,21.9,,21.3,,-0.0,,2025-02-12 23:00:00+00:00,BURL1
976,180.0,11.3,11.8,,,,,1008.4,22.2,,21.2,,-0.6,,2025-02-12 22:00:00+00:00,BURL1
977,180.0,10.8,11.3,,,,,1008.2,21.6,,20.8,,-1.8,,2025-02-12 21:00:00+00:00,BURL1
978,180.0,10.8,11.3,,,,,1008.5,21.7,,20.9,,-2.4,,2025-02-12 20:00:00+00:00,BURL1
979,180.0,11.3,11.3,,,,,1009.0,21.3,,20.7,,-2.0,,2025-02-12 19:00:00+00:00,BURL1
980,180.0,10.8,10.8,,,,,1010.0,22.1,,21.2,,-0.8,,2025-02-12 18:00:00+00:00,BURL1
981,190.0,9.8,9.8,,,,,1010.9,21.9,,20.9,,0.7,,2025-02-12 17:00:00+00:00,BURL1
982,180.0,6.7,7.7,,,,,1011.0,22.3,,21.3,,1.1,,2025-02-12 16:00:00+00:00,BURL1
983,180.0,9.3,9.8,,,,,1010.8,22.0,,20.2,,1.3,,2025-02-12 15:00:00+00:00,BURL1
984,180.0,10.3,10.8,,,,,1010.2,21.9,,20.1,,0.9,,2025-02-12 14:00:00+00:00,BURL1
985,170.0,10.3,10.3,,,,,1009.9,21.5,,20.5,,0.4,,2025-02-12 13:00:00+00:00,BURL1
986,170.0,9.8,10.3,,,,,1009.5,21.7,,20.5,,-0.5,,2025-02-12 12:00:00+00:00,BURL1
987,170.0,10.8,10.8,,,,,1009.3,21.3,,20.8,,-1.2,,2025-02-12 11:00:00+00:00,BURL1
988,170.0,8.8,9.3,,,,,1009.5,21.3,,20.7,,-1.7,,2025-02-12 10:00:00+00:00,BURL1
989,180.0,10.3,10.3,,,,,1010.0,21.2,,20.4,,-1.9,,2025-02-12 09:00:00+00:00,BURL1
990,180.0,8.8,9.3,,,,,1010.5,21.8,,21.0,,-1.8,,2025-02-12 08:00:00+00:00,BURL1
991,180.0,8.8,8.8,,,,,1011.2,20.7,,20.2,,-1.5,,2025-02-12 07:00:00+00:00,BURL1
992,170.0,7.2,7.2,,,,,1011.9,21.9,,20.9,,-1.3,,2025-02-12 06:00:00+00:00,BURL1
993,180.0,8.8,8.8,,,,,1012.3,21.5,,20.7,,-0.9,,2025-02-12 05:00:00+00:00,BURL1
994,180.0,8.8,8.8,,,,,1012.7,22.0,,21.6,,0.0,,2025-02-12 04:00:00+00:00,BURL1
995,180.0,4.6,5.7,,,,,1013.2,21.5,,20.3,,0.8,,2025-02-12 03:00:00+00:00,BURL1
996,190.0,8.2,8.8,,,,,1013.2,22.5,,21.5,,0.8,,2025-02-12 02:00:00+00:00,BURL1
997,190.0,8.2,8.8,,,,,1012.6,22.5,,21.1,,0.0,,2025-02-12 01:00:00+00:00,BURL1
998,180.0,9.3,9.3,,,,,1012.4,22.3,,21.3,,-0.5,,2025-02-12 00:00:00+00:00,BURL1
999,180.0,8.8,8.8,,,,,1012.4,22.2,,21.1,,-0.9,,2025-02-11 23:00:00+00:00,BURL1
1000,180.0,6.2,6.7,,,,,1012.5,22.9,,21.5,,-1.5,,2025-02-11 22:00:00+00:00,BURL1
1001,200.0,6.7,6.7,,,,,1012.9,22.7,,21.3,,-2.2,,2025-02-11 21:00:00+00:00,BURL1
1002,190.0,6.7,6.7,,,,,1013.3,22.3,,21.4,,-3.3,,2025-02-11 20:00:00+00:00,BURL1
1003,160.0,5.7,5.7,,,,,1014.0,22.1,,22.1,,-3.2,,2025-02-11 19:00:00+00:00,BURL1
1004,160.0,8.2,8.2,,,,,1015.1,22.0,,22.0,,-2.1,,2025-02-11 18:00:00+00:00,BURL1
1005,160.0,7.7,7.7,,,,,1016.6,21.7,,21.7,,-0.4,,2025-02-11 17:00:00+00:00,BURL1
1006,160.0,6.2,6.7,,,,,1017.2,22.1,,22.1,,0.4,,2025-02-11 16:00:00+00:00,BURL1
1007,150.0,7.7,7.7,,,,,1017.2,22.0,,21.7,,0.8,,2025-02-11 15:00:00+00:00,BURL1
1008,160.0,7.2,7.2,,,,,1017.0,22.0,,21.5,,0.7,,2025-02-11 14:00:00+00:00,BURL1
1009,160.0,7.2,7.7,,,,,1016.8,21.7,,21.7,,-0.0,,2025-02-11 13:00:00+00:00,BURL1
1010,150.0,7.7,8.2,,,,,1016.4,21.6,,21.6,,-0.9,,2025-02-11 12:00:00+00:00,BURL1
1011,150.0,8.8,8.8,,,,,1016.3,21.5,,21.2,,-1.0,,2025-02-11 11:00:00+00:00,BURL1
1012,150.0,7.2,7.7,,,,,1016.8,21.4,,20.8,,-0.6,,2025-02-11 10:00:00+00:00,BURL1
1013,140.0,6.2,6.7,,,,,1017.3,21.8,,21.0,,-1.9,,2025-02-11 09:00:00+00:00,BURL1
1014,170.0,7.7,8.2,,,,,1017.3,21.9,,19.8,,-2.4,,2025-02-11 08:00:00+00:00,BURL1
1015,150.0,13.4,13.9,,,,,1017.4,22.4,,18.5,,-2.6,,2025-02-11 07:00:00+00:00,BURL1
1016,150.0,5.1,5.7,,,,,1019.2,21.0,,20.8,,-1.1,,2025-02-11 06:00:00+00:00,BURL1
1017,130.0,7.7,8.2,,,,,1019.7,21.5,,20.9,,-0.3,,2025-02-11 05:00:00+00:00,BURL1
1018,130.0,8.2,8.2,,,,,1020.0,21.9,,21.7,,0.5,,2025-02-11 04:00:00+00:00,BURL1
1019,120.0,5.7,5.7,,,,,1020.3,21.4,,21.4,,0.3,,2025-02-11 03:00:00+00:00,BURL1
1020,120.0,6.7,6.7,,,,,1020.0,21.0,,21.0,,-0.0,,2025-02-11 02:00:00+00:00,BURL1
1021,110.0,7.7,7.7,,,,,1019.5,20.9,,20.9,,-0.3,,2025-02-11 01:00:00+00:00,BURL1
1022,90.0,4.1,4.1,,,,,1020.0,20.6,,20.6,,0.3,,2025-02-11 00:00:00+00:00,BURL1
1023,60.0,5.7,6.2,,,,,1019.9,19.6,,19.6,,-0.7,,2025-02-10 23:00:00+00:00,BURL1
1024,40.0,7.2,7.7,,,,,1019.8,19.4,,19.4,,-1.2,,2025-02-10 22:00:00+00:00,BURL1
1025,70.0,5.1,5.7,,,,,1019.7,19.7,,19.6,,-2.6,,2025-02-10 21:00:00+00:00,BURL1
1026,60.0,4.1,4.6,,,,,1020.6,20.2,,20.2,,-2.5,,2025-02-10 20:00:00+00:00,BURL1
1027,70.0,5.1,5.1,,,,,1021.0,19.8,,19.8,,-2.3,,2025-02-10 19:00:00+00:00,BURL1
1028,100.0,3.1,3.6,,,,,1022.3,21.1,,21.1,,-0.7,,2025-02-10 18:00:00+00:00,BURL1
1029,120.0,2.6,3.1,,,,,1023.1,21.5,,21.4,,0.0,,2025-02-10 17:00:00+00:00,BURL1
1030,140.0,4.1,4.1,,,,,1023.3,21.0,,20.8,,0.9,,2025-02-10 16:00:00+00:00,BURL1
1031,140.0,4.6,4.6,,,,,1023.0,20.3,,19.8,,0.9,,2025-02-10 15:00:00+00:00,BURL1
1032,140.0,4.6,4.6,,,,,1022.9,20.5,,20.5,,1.5,,2025-02-10 14:00:00+00:00,BURL1
1033,140.0,4.6,4.6,,,,,1022.4,21.2,,21.1,,0.9,,2025-02-10 13:00:00+00:00,BURL1
1034,140.0,3.1,3.1,,,,,1022.1,21.0,,21.0,,0.5,,2025-02-10 12:00:00+00:00,BURL1
1035,140.0,3.6,3.6,,,,,1021.4,20.8,,20.8,,-0.6,,2025-02-10 11:00:00+00:00,BURL1
1036,110.0,1.5,2.1,,,,,1021.5,21.1,,21.1,,-1.0,,2025-02-10 10:00:00+00:00,BURL1
1037,130.0,2.1,2.1,,,,,1021.6,20.9,,20.9,,-0.8,,2025-02-10 09:00:00+00:00,BURL1
1038,320.0,2.1,2.6,,,,,1022.0,20.8,,20.8,,-0.7,,2025-02-10 08:00:00+00:00,BURL1
1039,110.0,1.5,2.1,,,,,1022.5,20.7,,20.7,,0.0,,2025-02-10 07:00:00+00:00,BURL1
1040,120.0,5.7,6.2,,,,,1022.4,21.5,,21.2,,0.5,,2025-02-10 06:00:00+00:00,BURL1
1041,120.0,6.2,6.2,,,,,1022.7,21.9,,21.4,,1.3,,2025-02-10 05:00:00+00:00,BURL1
1042,130.0,6.2,6.2,,,,,1022.4,21.7,,21.5,,1.5,,2025-02-10 04:00:00+00:00,BURL1
1043,130.0,7.2,7.2,,,,,1021.9,21.8,,21.3,,1.4,,2025-02-10 03:00:00+00:00,BURL1
1044,130.0,6.7,6.7,,,,,1021.4,21.9,,21.3,,1.0,,2025-02-10 02:00:00+00:00,BURL1
1045,130.0,6.2,6.2,,,,,1020.9,21.9,,21.5,,0.9,,2025-02-10 01:00:00+00:00,BURL1
1046,130.0,6.2,6.7,,,,,1020.5,21.8,,21.7,,0.6,,2025-02-10 00:00:00+00:00,BURL1
1047,140.0,6.2,6.2,,,,,1020.4,22.3,,21.5,,0.3,,2025-02-09 23:00:00+00:00,BURL1
1048,140.0,7.2,7.2,,,,,1020.0,22.3,,21.5,,-0.8,,2025-02-09 22:00:00+00:00,BURL1
1049,140.0,6.7,6.7,,,,,1019.9,22.3,,21.5,,-1.7,,2025-02-09 21:00:00+00:00,BURL1
1050,140.0,7.7,7.7,,,,,1020.1,22.1,,21.4,,-2.0,,2025-02-09 20:00:00+00:00,BURL1
1051,140.0,6.2,6.2,,,,,1020.8,22.0,,21.4,,-1.5,,2025-02-09 19:00:00+00:00,BURL1
1052,140.0,6.7,7.2,,,,,1021.6,21.6,,21.0,,0.0,,2025-02-09 18:00:00+00:00,BURL1
1053,140.0,6.7,6.7,,,,,1022.1,21.6,,21.1,,0.6,,2025-02-09 17:00:00+00:00,BURL1
1054,140.0,5.7,6.2,,,,,1022.3,21.8,,21.4,,1.4,,2025-02-09 16:00:00+00:00,BURL1
1055,140.0,5.7,5.7,,,,,1021.8,22.1,,21.9,,1.5,,2025-02-09 15:00:00+00:00,BURL1
1056,130.0,4.6,5.1,,,,,1021.5,21.9,,21.9,,1.5,,2025-02-09 14:00:00+00:00,BURL1
1057,130.0,5.1,5.1,,,,,1020.9,21.5,,21.5,,1.3,,2025-02-09 13:00:00+00:00,BURL1
1058,130.0,5.1,5.1,,,,,1020.3,21.8,,21.8,,0.8,,2025-02-09 12:00:00+00:00,BURL1
1059,140.0,4.1,4.1,,,,,1020.0,21.9,,21.9,,1.0,,2025-02-09 11:00:00+00:00,BURL1
1060,160.0,5.7,6.2,,,,,1019.6,21.3,,21.3,,-0.0,,2025-02-09 10:00:00+00:00,BURL1
1061,160.0,5.1,5.7,,,,,1019.5,20.1,,20.1,,-0.3,,2025-02-09 09:00:00+00:00,BURL1
1062,160.0,7.7,7.7,,,,,1019.0,20.8,,20.8,,-1.4,,2025-02-09 08:00:00+00:00,BURL1
1063,160.0,7.7,7.7,,,,,1019.4,21.4,,21.4,,-1.1,,2025-02-09 07:00:00+00:00,BURL1
1064,160.0,7.7,7.7,,,,,1019.8,20.7,,20.7,,-0.7,,2025-02-09 06:00:00+00:00,BURL1
1065,160.0,7.2,7.2,,,,,1020.4,20.3,,20.3,,0.0,,2025-02-09 05:00:00+00:00,BURL1
1066,160.0,6.2,6.7,,,,,1020.5,21.2,,21.2,,0.9,,2025-02-09 04:00:00+00:00,BURL1
1067,160.0,6.2,6.2,,,,,1020.5,21.2,,20.7,,1.2,,2025-02-09 03:00:00+00:00,BURL1
1068,160.0,5.7,5.7,,,,,1020.2,21.5,,20.7,,1.2,,2025-02-09 02:00:00+00:00,BURL1
1069,170.0,6.2,6.2,,,,,1019.6,22.2,,21.2,,0.7,,2025-02-09 01:00:00+00:00,BURL1
1070,180.0,6.2,6.7,,,,,1019.3,21.5,,20.8,,-0.0,,2025-02-09 00:00:00+00:00,BURL1
1071,180.0,6.7,6.7,,,,,1019.0,22.0,,20.3,,-0.3,,2025-02-08 23:00:00+00:00,BURL1
1072,190.0,6.7,6.7,,,,,1018.9,22.5,,21.3,,-0.9,,2025-02-08 22:00:00+00:00,BURL1
1073,180.0,6.2,6.2,,,,,1019.1,21.8,,21.0,,-1.5,,2025-02-08 21:00:00+00:00,BURL1
1074,180.0,6.7,6.7,,,,,1019.3,22.2,,21.0,,-1.9,,2025-02-08 20:00:00+00:00,BURL1
1075,180.0,7.7,7.7,,,,,1019.8,21.5,,20.2,,-1.7,,2025-02-08 19:00:00+00:00,BURL1
1076,190.0,6.7,7.2,,,,,1020.6,22.5,,20.8,,-0.3,,2025-02-08 18:00:00+00:00,BURL1
1077,180.0,7.2,7.2,,,,,1021.2,21.4,,20.2,,1.0,,2025-02-08 17:00:00+00:00,BURL1
1078,170.0,6.2,6.7,,,,,1021.5,22.0,,21.4,,2.0,,2025-02-08 16:00:00+00:00,BURL1
1079,160.0,7.7,7.7,,,,,1020.9,21.8,,21.0,,1.7,,2025-02-08 15:00:00+00:00,BURL1
1080,160.0,8.2,8.2,,,,,1020.2,21.4,,20.8,,1.4,,2025-02-08 14:00:00+00:00,BURL1
1081,160.0,8.8,8.8,,,,,1019.5,21.3,,21.3,,0.5,,2025-02-08 13:00:00+00:00,BURL1
1082,160.0,7.2,7.7,,,,,1019.2,22.0,,21.7,,0.4,,2025-02-08 12:00:00+00:00,BURL1
1083,160.0,6.7,6.7,,,,,1018.8,22.1,,22.1,,-0.3,,2025-02-08 11:00:00+00:00,BURL1
1084,170.0,5.7,6.2,,,,,1019.0,20.2,,20.2,,-0.6,,2025-02-08 10:00:00+00:00,BURL1
1085,180.0,6.2,6.2,,,,,1018.8,21.4,,21.4,,-1.3,,2025-02-08 09:00:00+00:00,BURL1
1086,180.0,6.2,6.2,,,,,1019.1,21.3,,21.3,,-1.4,,2025-02-08 08:00:00+00:00,BURL1
1087,190.0,6.2,6.7,,,,,1019.6,21.7,,21.7,,-1.3,,2025-02-08 07:00:00+00:00,BURL1
1088,180.0,6.2,6.2,,,,,1020.1,21.9,,21.9,,-0.9,,2025-02-08 06:00:00+00:00,BURL1
1089,160.0,7.2,7.2,,,,,1020.5,21.9,,21.9,,-0.4,,2025-02-08 05:00:00+00:00,BURL1
1090,150.0,6.7,6.7,,,,,1020.9,21.4,,21.4,,0.4,,2025-02-08 04:00:00+00:00,BURL1
1091,140.0,6.7,6.7,,,,,1021.0,21.7,,21.7,,0.5,,2025-02-08 03:00:00+00:00,BURL1
1092,130.0,4.1,4.6,,,,,1020.9,21.7,,21.7,,0.7,,2025-02-08 02:00:00+00:00,BURL1
1093,140.0,5.1,5.1,,,,,1020.5,22.1,,22.1,,0.3,,2025-02-08 01:00:00+00:00,BURL1
1094,140.0,3.1,3.6,,,,,1020.5,22.4,,22.1,,0.3,,2025-02-08 00:00:00+00:00,BURL1
